EmployeeKey,Month,GrossPay,Bonus
1,2026-01,21500,0
1,2026-02,21500,0
1,2026-03,21500,0
2,2026-01,16800,0
2,2026-02,16800,0
2,2026-03,16800,0
3,2026-01,18900,0
3,2026-02,18900,0
3,2026-03,18900,0
4,2026-01,6900,0
4,2026-02,6900,0
4,2026-03,6900,0
5,2026-01,11104,0
5,2026-02,11104,0
5,2026-03,11104,1548
6,2026-01,6427,0
6,2026-02,6427,0
6,2026-03,6427,551
7,2026-01,5559,0
7,2026-02,5559,0
7,2026-03,5559,476
8,2026-01,5872,0
8,2026-02,5872,0
8,2026-03,5872,844
9,2026-01,5580,0
9,2026-02,5580,0
9,2026-03,5580,923
10,2026-01,6146,0
10,2026-02,6146,0
10,2026-03,6146,1030
11,2026-01,10247,0
11,2026-02,10247,0
11,2026-03,10247,2040
12,2026-01,5581,0
12,2026-02,5581,0
12,2026-03,5581,869
13,2026-01,5229,0
13,2026-02,5229,0
13,2026-03,5229,671
14,2026-01,5782,0
14,2026-02,5782,0
14,2026-03,5782,632
15,2026-01,6006,0
15,2026-02,6006,0
15,2026-03,6006,832
16,2026-01,10493,0
16,2026-02,10493,0
16,2026-03,10493,2022
17,2026-01,6166,0
17,2026-02,6166,0
17,2026-03,6166,1154
18,2026-01,5839,0
18,2026-02,5839,0
18,2026-03,5839,566
19,2026-01,5329,0
19,2026-02,5329,0
19,2026-03,5329,465
20,2026-01,6673,0
20,2026-02,6673,0
20,2026-03,6673,671
21,2026-01,4931,0
21,2026-02,4931,0
21,2026-03,4931,914
22,2026-01,10563,0
22,2026-02,10563,0
22,2026-03,10563,1889
23,2026-01,5997,0
23,2026-02,5997,0
23,2026-03,5997,812
24,2026-01,5762,0
24,2026-02,5762,0
24,2026-03,5762,1105
25,2026-01,5646,0
25,2026-02,5646,0
25,2026-03,5646,1001
26,2026-01,6283,0
26,2026-02,6283,0
26,2026-03,6283,1227
27,2026-01,10421,0
27,2026-02,10421,0
27,2026-03,10421,946
28,2026-01,6713,0
28,2026-02,6713,0
28,2026-03,6713,957
29,2026-01,5402,0
29,2026-02,5402,0
29,2026-03,5402,674
30,2026-01,5468,0
30,2026-02,5468,0
30,2026-03,5468,856
31,2026-01,6323,0
31,2026-02,6323,0
31,2026-03,6323,1053
