UserEmail,RegionKey
dana.whitfield@northwind.example,1
marcus.bell@northwind.example,2
priya.raman@northwind.example,3
tomas.ekberg@northwind.example,4
lea.brandt@northwind.example,5
nina.kowalski@northwind.example,1
nina.kowalski@northwind.example,3
rosa.delgado@northwind.example,1
ken.osei@northwind.example,1
lily.chang@northwind.example,1
jonah.pike@northwind.example,1
mae.fontaine@northwind.example,1
amara.diallo@northwind.example,2
sofia.reyes@northwind.example,2
ben.carver@northwind.example,2
iris.novak@northwind.example,2
bea.lindqvist@northwind.example,3
omar.haddad@northwind.example,3
grace.kim@northwind.example,3
dev.mehta@northwind.example,3
lucia.moretti@northwind.example,3
victor.ilunga@northwind.example,4
hanna.berg@northwind.example,4
paul.okoye@northwind.example,4
nadia.petrov@northwind.example,4
jonas.weber@northwind.example,5
elif.aydin@northwind.example,5
mateo.rossi@northwind.example,5
ines.duarte@northwind.example,5
