CustomerID,EffectiveDate,Segment,HomeRegionKey,LoyaltyTier,Source
C10001,2025-01-01,Small Business,5,Silver,initial load
C10002,2025-01-01,Outfitter,3,Silver,initial load
C10003,2025-01-01,Consumer,3,Silver,initial load
C10004,2025-01-01,Consumer,2,Bronze,initial load
C10005,2025-01-01,Consumer,4,Bronze,initial load
C10005,2025-07-21,Small Business,4,Bronze,CRM
C10005,2025-07-21,Small Business,4,Bronze,CRM
C10005,2026-02-24,Small Business,4,Silver,CRM
C10006,2025-01-01,Consumer,3,Silver,initial load
C10006,2025-06-29,Consumer,3,Gold,CRM
C10007,2025-01-01,Consumer,2,Bronze,initial load
C10008,2025-01-01,Small Business,3,Bronze,initial load
C10009,2025-01-01,Consumer,1,Bronze,initial load
C10010,2025-01-01,Consumer,2,Bronze,initial load
C10011,2025-01-01,Consumer,4,Silver,initial load
C10012,2025-01-01,Consumer,3,Silver,initial load
C10013,2025-01-01,Consumer,4,Bronze,initial load
C10013,2025-07-03,Small Business,4,Bronze,CRM
C10014,2025-01-01,Small Business,3,Bronze,initial load
C10014,2025-09-08,Small Business,3,Silver,CRM
C10015,2025-01-01,Consumer,4,Bronze,initial load
C10015,2025-05-26,Small Business,4,Bronze,CRM
C10015,2025-10-15,Small Business,1,Bronze,CRM
C10016,2025-01-01,Small Business,1,Silver,initial load
C10016,2025-05-05,Outfitter,1,Silver,CRM
C10017,2025-01-01,Small Business,1,Bronze,initial load
C10017,2025-06-28,Small Business,1,Silver,CRM
C10018,2025-01-01,Consumer,1,Silver,initial load
C10018,2025-07-12,Consumer,1,Gold,CRM
C10018,2026-01-03,Consumer,2,Gold,CRM
C10019,2025-01-01,Consumer,3,Silver,initial load
C10019,2025-07-28,Consumer,3,Silver,CRM
C10020,2025-01-01,Consumer,1,Silver,initial load
C10020,2025-08-03,Consumer,1,Gold,CRM
C10021,2025-01-01,Small Business,3,Bronze,initial load
C10021,2025-03-26,Small Business,3,Silver,CRM
C10021,2025-08-25,Small Business,3,Gold,CRM
C10022,2025-01-01,Small Business,5,Bronze,initial load
C10022,2025-03-02,Outfitter,5,Bronze,CRM
C10023,2025-01-01,Consumer,3,Silver,initial load
C10024,2025-01-01,Consumer,3,Silver,initial load
C10024,2025-02-23,Small Business,3,Silver,CRM
C10025,2025-01-01,Consumer,2,Bronze,initial load
C10025,2025-07-11,Consumer,4,Bronze,CRM
C10026,2025-01-01,Consumer,2,Silver,initial load
C10027,2025-01-01,Consumer,2,Bronze,initial load
C10027,2025-07-23,Consumer,4,Bronze,CRM
C10028,2025-01-01,Consumer,3,Silver,initial load
C10029,2025-01-01,Small Business,2,Bronze,initial load
C10030,2025-01-01,Consumer,3,Bronze,initial load
C10030,2025-05-16,Consumer,3,Silver,CRM
C10030,2025-07-09,Small Business,3,Silver,CRM
C10031,2025-01-01,Consumer,3,Silver,initial load
C10032,2025-01-01,Consumer,3,Bronze,initial load
C10033,2025-01-01,Consumer,3,Silver,initial load
C10033,2025-03-28,Consumer,3,Gold,CRM
C10034,2025-01-01,Consumer,1,Silver,initial load
C10035,2025-01-01,Consumer,3,Bronze,initial load
C10036,2025-01-01,Outfitter,2,Silver,initial load
C10037,2025-01-01,Small Business,1,Bronze,initial load
C10037,2025-08-20,Small Business,1,Silver,CRM
C10038,2025-01-01,Consumer,1,Bronze,initial load
C10039,2025-01-01,Outfitter,5,Bronze,initial load
C10040,2025-01-01,Small Business,1,Bronze,initial load
C10041,2025-01-01,Outfitter,4,Silver,initial load
C10042,2025-01-01,Outfitter,3,Bronze,initial load
C10043,2025-01-01,Consumer,5,Silver,initial load
C10044,2025-01-01,Consumer,4,Bronze,initial load
C10044,2025-05-04,Consumer,4,Silver,CRM
C10045,2025-01-01,Consumer,1,Bronze,initial load
C10046,2025-01-01,Small Business,1,Silver,initial load
C10047,2025-01-01,Consumer,4,Silver,initial load
C10047,2025-07-11,Small Business,4,Silver,CRM
C10048,2025-01-01,Consumer,1,Bronze,initial load
C10048,2025-03-28,Small Business,1,Bronze,CRM
C10049,2025-01-01,Consumer,2,Bronze,initial load
C10049,2025-02-23,Small Business,2,Bronze,CRM
C10049,2025-04-21,Small Business,2,Silver,CRM
C10050,2025-01-01,Consumer,2,Bronze,initial load
C10051,2025-01-01,Outfitter,3,Silver,initial load
C10052,2025-01-01,Small Business,3,Silver,initial load
C10053,2025-01-01,Consumer,2,Bronze,initial load
C10054,2025-01-01,Consumer,2,Silver,initial load
C10054,2025-05-22,Consumer,2,Gold,CRM
C10055,2025-01-01,Consumer,5,Silver,initial load
C10056,2025-01-01,Consumer,2,Silver,initial load
C10056,2025-06-14,Small Business,2,Silver,CRM
C10056,2025-09-08,Outfitter,2,Silver,CRM
C10057,2025-01-01,Small Business,1,Silver,initial load
C10057,2025-07-23,Outfitter,1,Silver,CRM
C10058,2025-01-01,Consumer,2,Silver,initial load
C10059,2025-01-01,Outfitter,4,Bronze,initial load
C10060,2025-01-01,Consumer,3,Silver,initial load
C10060,2025-08-01,Small Business,3,Silver,CRM
C10061,2025-01-01,Consumer,3,Bronze,initial load
C10061,2025-04-25,Consumer,3,Silver,CRM
C10062,2025-01-01,Small Business,2,Silver,initial load
C10063,2025-01-01,Consumer,3,Bronze,initial load
C10064,2025-01-01,Small Business,5,Bronze,initial load
C10064,2025-03-22,Small Business,5,Silver,CRM
C10065,2025-01-01,Consumer,1,Bronze,initial load
C10065,2025-07-08,Consumer,1,Silver,CRM
C10065,2025-08-02,Small Business,1,Silver,CRM
C10066,2025-01-01,Consumer,3,Bronze,initial load
C10067,2025-01-01,Consumer,1,Bronze,initial load
C10067,2025-08-16,Consumer,1,Silver,CRM
C10067,2025-11-20,Small Business,1,Silver,CRM
C10068,2025-01-01,Consumer,4,Bronze,initial load
C10068,2025-06-01,Consumer,4,Silver,CRM
C10068,2025-09-08,Small Business,4,Silver,CRM
C10069,2025-01-01,Consumer,3,Silver,initial load
C10070,2025-01-01,Consumer,5,Silver,initial load
C10070,2025-09-07,Consumer,5,Silver,CRM
C10071,2025-01-01,Consumer,2,Bronze,initial load
C10072,2025-01-01,Consumer,3,Silver,initial load
C10073,2025-01-01,Small Business,1,Bronze,initial load
C10074,2025-01-01,Consumer,1,Silver,initial load
C10075,2025-01-01,Consumer,3,Silver,initial load
C10075,2025-03-24,Small Business,3,Silver,CRM
C10076,2025-01-01,Consumer,2,Silver,initial load
C10076,2025-06-08,Consumer,2,Gold,CRM
C10077,2025-01-01,Outfitter,4,Silver,initial load
C10077,2025-05-13,Outfitter,4,Gold,CRM
C10078,2025-01-01,Consumer,2,Silver,initial load
C10078,2025-06-28,Consumer,2,Gold,CRM
C10079,2025-01-01,Outfitter,3,Silver,initial load
C10080,2025-01-01,Consumer,1,Bronze,initial load
C10080,2025-08-07,Small Business,1,Bronze,CRM
C10081,2025-01-01,Consumer,3,Bronze,initial load
C10082,2025-01-01,Consumer,1,Bronze,initial load
C10083,2025-01-01,Small Business,4,Bronze,initial load
C10084,2025-01-01,Outfitter,2,Bronze,initial load
C10085,2025-01-01,Consumer,1,Bronze,initial load
C10086,2025-01-01,Small Business,5,Bronze,initial load
C10086,2025-05-11,Small Business,5,Silver,CRM
C10087,2025-01-01,Consumer,3,Bronze,initial load
C10088,2025-01-01,Small Business,3,Silver,initial load
C10089,2025-01-01,Consumer,2,Bronze,initial load
C10089,2025-04-02,Consumer,2,Silver,CRM
C10089,2025-06-21,Consumer,2,Gold,CRM
C10090,2025-01-01,Outfitter,3,Silver,initial load
C10091,2025-01-01,Consumer,3,Bronze,initial load
C10092,2025-01-01,Consumer,2,Bronze,initial load
C10092,2025-06-15,Small Business,2,Bronze,CRM
C10092,2025-07-22,Small Business,2,Silver,CRM
C10093,2025-01-01,Consumer,1,Bronze,initial load
C10093,2025-05-27,Consumer,1,Bronze,CRM
C10094,2025-01-01,Consumer,1,Bronze,initial load
C10094,2025-04-26,Consumer,4,Bronze,CRM
C10095,2025-01-01,Consumer,4,Silver,initial load
C10095,2025-03-12,Consumer,4,Gold,CRM
C10096,2025-01-01,Consumer,2,Silver,initial load
C10097,2025-01-01,Consumer,4,Silver,initial load
C10098,2025-01-01,Consumer,2,Bronze,initial load
C10098,2025-07-14,Consumer,1,Bronze,CRM
C10099,2025-01-01,Small Business,5,Bronze,initial load
C10099,2025-03-18,Small Business,5,Silver,CRM
C10100,2025-01-01,Consumer,4,Bronze,initial load
C10100,2025-05-13,Consumer,3,Bronze,CRM
C10100,2025-08-12,Consumer,3,Silver,CRM
C10101,2025-01-01,Consumer,2,Silver,initial load
C10101,2025-04-17,Consumer,2,Gold,CRM
C10102,2025-01-01,Consumer,1,Silver,initial load
C10102,2025-08-14,Small Business,1,Silver,CRM
C10102,2025-10-21,Small Business,3,Silver,CRM
C10103,2025-01-01,Small Business,5,Bronze,initial load
C10104,2025-01-01,Consumer,2,Silver,initial load
C10105,2025-01-01,Consumer,3,Bronze,initial load
C10105,2025-07-23,Consumer,3,Bronze,CRM
C10106,2025-01-01,Small Business,3,Bronze,initial load
C10106,2025-04-01,Small Business,3,Silver,CRM
C10107,2025-01-01,Consumer,1,Silver,initial load
C10108,2025-01-01,Consumer,2,Silver,initial load
C10109,2025-01-01,Consumer,3,Bronze,initial load
C10109,2025-08-12,Small Business,3,Bronze,CRM
C10109,2026-02-22,Small Business,1,Bronze,CRM
C10110,2025-01-01,Consumer,4,Bronze,initial load
C10111,2025-01-01,Consumer,5,Silver,initial load
C10112,2025-01-01,Small Business,1,Bronze,initial load
C10112,2025-07-31,Small Business,1,Silver,CRM
C10112,2025-10-15,Small Business,1,Gold,CRM
C10113,2025-01-01,Outfitter,3,Silver,initial load
C10114,2025-01-01,Consumer,3,Bronze,initial load
C10114,2025-04-10,Consumer,1,Bronze,CRM
C10114,2025-05-24,Consumer,3,Bronze,CRM
C10115,2025-01-01,Consumer,1,Silver,initial load
C10115,2025-05-01,Consumer,1,Gold,CRM
C10116,2025-01-01,Consumer,2,Bronze,initial load
C10116,2025-04-06,Consumer,2,Silver,CRM
C10116,2025-08-01,Small Business,2,Silver,CRM
C10117,2025-01-01,Consumer,2,Bronze,initial load
C10117,2025-07-24,Consumer,2,Silver,CRM
C10117,2025-10-22,Consumer,2,Gold,CRM
C10118,2025-01-01,Consumer,1,Bronze,initial load
C10119,2025-01-01,Consumer,1,Bronze,initial load
C10119,2025-05-11,Consumer,2,Bronze,CRM
C10119,2025-06-21,Small Business,2,Bronze,CRM
C10120,2025-01-01,Consumer,1,Silver,initial load
C20001,2026-03-27,Small Business,2,Bronze,CRM (late)
C20002,2026-03-30,Consumer,3,Bronze,CRM (late)
