ReturnID,OrderID,LineNo,ReturnDate,Qty,RefundAmount,ShippingRefund,Reason
RT-900001,SO-500012,1,2025-01-09,1,55.24,14.95,Defective
RT-900002,SO-500025,1,2025-01-29,3,51.27,14.95,Wrong size
RT-900003,SO-500053,2,2025-02-01,2,71.98,14.95,Changed mind
RT-900004,SO-500056,1,2025-02-10,4,415.97,0.00,Defective
RT-900005,SO-500077,2,2025-02-10,2,1399.98,0.00,Changed mind
RT-900006,SO-500080,1,2025-02-13,3,119.97,14.95,Wrong size
RT-900007,SO-500090,1,2025-02-06,1,94.99,0.00,Changed mind
RT-900008,SO-500092,2,2025-02-13,1,49.99,0.00,Defective
RT-900009,SO-500103,3,2025-02-13,3,44.97,0.00,Wrong size
RT-900010,SO-500108,2,2025-02-15,1,54.99,0.00,Changed mind
RT-900011,SO-500109,1,2025-02-26,2,109.98,14.95,Changed mind
RT-900012,SO-500109,4,2025-02-19,2,179.98,14.95,Wrong size
RT-900013,SO-500116,1,2025-02-15,1,89.99,0.00,Changed mind
RT-900014,SO-500118,2,2025-02-22,1,67.49,14.95,Wrong size
RT-900015,SO-500144,1,2025-02-28,1,17.99,0.00,Changed mind
RT-900016,SO-500168,1,2025-02-11,2,99.98,14.95,Changed mind
RT-900017,SO-500168,2,2025-02-08,2,29.98,14.95,Defective
RT-900018,SO-500184,1,2025-02-19,2,75.98,14.95,Changed mind
RT-900019,SO-500209,1,2025-02-25,1,161.99,14.95,Changed mind
RT-900020,SO-500212,2,2025-02-24,1,64.99,14.95,Wrong size
RT-900021,SO-500240,1,2025-03-06,2,67.98,14.95,Damaged in transit
RT-900022,SO-500249,1,2025-03-03,1,15.29,14.95,Wrong size
RT-900023,SO-500249,2,2025-02-21,2,199.98,14.95,Changed mind
RT-900024,SO-500259,1,2025-03-02,3,44.97,0.00,Changed mind
RT-900025,SO-500276,2,2025-02-21,1,89.99,0.00,Defective
RT-900026,SO-500279,3,2025-03-07,1,55.24,0.00,Wrong size
RT-900027,SO-500280,2,2025-03-14,1,199.99,14.95,Changed mind
RT-900028,SO-500284,2,2025-03-18,1,47.49,0.00,Defective
RT-900029,SO-500302,2,2025-03-25,1,71.24,0.00,Changed mind
RT-900030,SO-500323,2,2025-03-07,3,44.97,0.00,Wrong size
RT-900031,SO-500332,2,2025-03-23,1,59.99,0.00,Defective
RT-900032,SO-500345,2,2025-03-11,1,14.99,0.00,Changed mind
RT-900033,SO-500354,1,2025-03-28,1,89.99,14.95,Changed mind
RT-900034,SO-500358,1,2025-04-09,1,19.54,13.95,Defective
RT-900035,SO-500364,2,2025-04-05,1,19.99,0.00,Defective
RT-900036,SO-500367,3,2025-03-11,1,49.99,14.95,Changed mind
RT-900037,SO-500383,2,2025-03-25,2,199.98,14.95,Changed mind
RT-900038,SO-500387,1,2025-03-28,2,359.98,0.00,Defective
RT-900039,SO-500389,1,2025-03-13,2,167.98,0.00,Changed mind
RT-900040,SO-500395,1,2025-03-20,2,339.98,0.00,Changed mind
RT-900041,SO-500403,2,2025-03-23,1,199.99,14.95,Changed mind
RT-900042,SO-500408,1,2025-03-21,2,70.28,13.95,Damaged in transit
RT-900043,SO-500422,1,2025-03-31,3,74.97,0.00,Changed mind
RT-900044,SO-500425,1,2025-03-24,1,129.99,14.95,Wrong size
RT-900045,SO-500427,2,2025-04-04,1,29.99,0.00,Damaged in transit
RT-900046,SO-500455,2,2025-03-27,1,80.99,14.95,Changed mind
RT-900047,SO-500464,1,2025-04-24,1,54.99,14.95,Changed mind
RT-900048,SO-500481,1,2025-04-18,2,25.18,0.00,Wrong size
RT-900049,SO-500485,1,2025-04-06,1,67.49,14.95,Damaged in transit
RT-900050,SO-500518,3,2025-03-28,2,33.98,13.95,Wrong size
RT-900051,SO-500536,1,2025-04-30,1,79.99,0.00,Changed mind
RT-900052,SO-500547,1,2025-04-04,1,64.99,0.00,Changed mind
RT-900053,SO-500552,1,2025-05-01,1,120.99,0.00,Changed mind
RT-900054,SO-500565,1,2025-04-14,1,19.99,14.95,Changed mind
RT-900055,SO-500576,1,2025-04-21,1,64.99,0.00,Changed mind
RT-900056,SO-500594,3,2025-04-08,1,69.99,13.95,Changed mind
RT-900057,SO-500594,4,2025-04-09,3,105.42,13.95,Changed mind
RT-900058,SO-500599,1,2025-04-18,1,99.99,0.00,Damaged in transit
RT-900059,SO-500603,1,2025-04-28,3,44.97,0.00,Changed mind
RT-900060,SO-500607,2,2025-04-23,1,539.99,0.00,Damaged in transit
RT-900061,SO-500617,1,2025-05-06,1,134.99,14.95,Changed mind
RT-900062,SO-500618,1,2025-04-25,1,59.99,14.95,Changed mind
RT-900063,SO-500636,2,2025-05-02,2,29.98,14.95,Wrong size
RT-900064,SO-500641,2,2025-04-21,1,55.24,14.95,Changed mind
RT-900065,SO-500650,2,2025-05-01,1,50.99,14.95,Changed mind
RT-900066,SO-500654,2,2025-04-29,1,129.99,0.00,Changed mind
RT-900067,SO-500657,2,2025-04-17,1,64.99,14.95,Changed mind
RT-900068,SO-500659,1,2025-04-17,1,74.99,14.95,Wrong size
RT-900069,SO-500663,2,2025-05-11,1,599.99,14.95,Changed mind
RT-900070,SO-500673,1,2025-05-21,1,99.99,14.95,Wrong size
RT-900071,SO-500682,2,2025-05-19,3,134.97,0.00,Wrong size
RT-900072,SO-500709,2,2025-05-18,2,110.48,14.95,Wrong size
RT-900073,SO-500724,1,2025-05-01,2,59.98,0.00,Defective
RT-900074,SO-500727,1,2025-04-27,1,59.99,0.00,Changed mind
RT-900075,SO-500735,3,2025-05-15,1,99.99,0.00,Wrong size
RT-900076,SO-500738,1,2025-04-27,2,119.98,0.00,Defective
RT-900077,SO-500752,1,2025-05-09,1,14.24,0.00,Wrong size
RT-900078,SO-500775,2,2025-05-31,1,49.49,14.95,Changed mind
RT-900079,SO-500789,2,2025-05-15,1,189.99,14.95,Damaged in transit
RT-900080,SO-500792,1,2025-05-29,1,161.49,14.95,Damaged in transit
RT-900081,SO-500801,1,2025-05-22,1,179.99,0.00,Defective
RT-900082,SO-500805,1,2025-05-10,2,127.48,14.95,Wrong size
RT-900083,SO-500812,2,2025-05-27,1,14.99,0.00,Wrong size
RT-900084,SO-500822,1,2025-05-11,2,71.98,0.00,Defective
RT-900085,SO-500831,3,2025-05-18,1,599.99,0.00,Changed mind
RT-900086,SO-500832,1,2025-05-09,1,55.99,13.95,Damaged in transit
RT-900087,SO-500835,2,2025-06-08,1,169.99,0.00,Wrong size
RT-900088,SO-500849,1,2025-05-18,2,259.98,0.00,Defective
RT-900089,SO-500851,2,2025-05-28,1,144.49,0.00,Changed mind
RT-900090,SO-500852,3,2025-05-27,1,16.19,14.95,Wrong size
RT-900091,SO-500855,2,2025-05-12,2,29.98,14.95,Wrong size
RT-900092,SO-500899,1,2025-05-15,1,64.99,0.00,Changed mind
RT-900093,SO-500924,1,2025-06-14,1,79.99,14.95,Changed mind
RT-900094,SO-500924,2,2025-05-25,2,1019.98,14.95,Changed mind
RT-900095,SO-500932,1,2025-05-24,2,179.98,0.00,Changed mind
RT-900096,SO-500934,3,2025-05-19,1,71.99,0.00,Changed mind
RT-900097,SO-500939,1,2025-06-11,2,359.98,14.95,Changed mind
RT-900098,SO-500951,2,2025-06-05,2,35.98,14.95,Changed mind
RT-900099,SO-500953,1,2025-05-26,1,53.99,14.95,Changed mind
RT-900100,SO-500960,1,2025-06-18,1,169.99,0.00,Changed mind
RT-900101,SO-500964,2,2025-05-26,1,99.99,14.95,Changed mind
RT-900102,SO-500972,2,2025-06-06,3,37.78,14.95,Wrong size
RT-900103,SO-500976,1,2025-06-02,2,39.98,14.95,Changed mind
RT-900104,SO-500979,1,2025-06-24,1,59.99,0.00,Damaged in transit
RT-900105,SO-500982,2,2025-06-25,2,99.98,14.95,Wrong size
RT-900106,SO-500987,1,2025-06-13,3,134.97,14.95,Changed mind
RT-900107,SO-501008,2,2025-06-18,1,14.24,14.95,Wrong size
RT-900108,SO-501027,2,2025-06-17,1,59.99,0.00,Changed mind
RT-900109,SO-501034,4,2025-06-13,3,94.47,14.95,Changed mind
RT-900110,SO-501035,1,2025-06-05,1,61.74,14.95,Changed mind
RT-900111,SO-501043,1,2025-06-14,2,339.98,14.95,Damaged in transit
RT-900112,SO-501050,2,2025-07-05,1,74.99,14.95,Changed mind
RT-900113,SO-501055,2,2025-06-07,3,65.52,13.95,Changed mind
RT-900114,SO-501067,2,2025-06-13,3,76.47,14.95,Wrong size
RT-900115,SO-501074,1,2025-07-03,3,149.97,14.95,Changed mind
RT-900116,SO-501075,1,2025-06-08,1,129.99,14.95,Wrong size
RT-900117,SO-501081,2,2025-06-23,2,27.98,13.95,Changed mind
RT-900118,SO-501089,1,2025-06-07,1,39.99,0.00,Changed mind
RT-900119,SO-501091,3,2025-06-18,4,159.97,0.00,Changed mind
RT-900120,SO-501093,2,2025-06-28,1,24.99,0.00,Changed mind
RT-900121,SO-501105,2,2025-06-23,3,89.22,14.95,Changed mind
RT-900122,SO-501105,3,2025-06-21,1,89.99,0.00,Changed mind
RT-900123,SO-501116,1,2025-06-24,2,299.98,0.00,Changed mind
RT-900124,SO-501126,2,2025-07-14,1,42.74,14.95,Changed mind
RT-900125,SO-501137,1,2025-06-11,2,34.99,0.00,Defective
RT-900126,SO-501138,1,2025-06-26,2,127.98,0.00,Changed mind
RT-900127,SO-501148,3,2025-06-20,2,93.48,0.00,Changed mind
RT-900128,SO-501159,2,2025-07-02,3,110.97,0.00,Changed mind
RT-900129,SO-501172,1,2025-06-18,1,54.99,14.95,Damaged in transit
RT-900130,SO-501175,3,2025-06-22,1,75.99,0.00,Changed mind
RT-900131,SO-501182,1,2025-06-16,1,61.74,0.00,Changed mind
RT-900132,SO-501205,2,2025-06-29,1,49.99,0.00,Changed mind
RT-900133,SO-501210,2,2025-07-17,1,14.44,13.95,Changed mind
RT-900134,SO-501212,2,2025-06-24,1,79.99,14.95,Changed mind
RT-900135,SO-501224,2,2025-07-19,1,67.49,14.95,Changed mind
RT-900136,SO-501227,1,2025-07-20,1,31.49,14.95,Changed mind
RT-900137,SO-501249,1,2025-07-20,1,59.99,0.00,Changed mind
RT-900138,SO-501254,1,2025-07-07,1,17.99,14.95,Wrong size
RT-900139,SO-501263,1,2025-07-18,1,13.99,0.00,Defective
RT-900140,SO-501281,4,2025-07-20,3,67.47,14.95,Changed mind
RT-900141,SO-501291,1,2025-07-16,2,69.98,14.95,Changed mind
RT-900142,SO-501298,1,2025-07-26,1,16.99,13.95,Changed mind
RT-900143,SO-501312,2,2025-07-31,1,47.49,0.00,Changed mind
RT-900144,SO-501318,2,2025-07-16,1,55.99,0.00,Changed mind
RT-900145,SO-501325,4,2025-07-26,1,13.29,13.95,Changed mind
RT-900146,SO-501354,1,2025-06-30,1,116.99,14.95,Changed mind
RT-900147,SO-501389,2,2025-08-04,1,71.24,14.95,Wrong size
RT-900148,SO-501393,1,2025-07-07,2,69.98,0.00,Defective
RT-900149,SO-501398,1,2025-07-17,1,79.99,14.95,Defective
RT-900150,SO-501402,1,2025-07-07,1,53.99,0.00,Changed mind
RT-900151,SO-501426,1,2025-07-13,1,161.99,14.95,Wrong size
RT-900152,SO-501428,2,2025-07-12,1,99.99,14.95,Damaged in transit
RT-900153,SO-501448,2,2025-07-26,2,199.98,14.95,Changed mind
RT-900154,SO-501460,1,2025-07-10,3,67.47,0.00,Changed mind
RT-900155,SO-501470,4,2025-08-03,1,64.99,0.00,Damaged in transit
RT-900156,SO-501479,1,2025-08-12,1,89.99,0.00,Changed mind
RT-900157,SO-501482,2,2025-07-24,1,79.99,14.95,Defective
RT-900158,SO-501500,4,2025-08-01,2,39.98,14.95,Wrong size
RT-900159,SO-501508,3,2025-07-19,1,69.99,0.00,Changed mind
RT-900160,SO-501521,2,2025-07-17,2,28.48,14.95,Wrong size
RT-900161,SO-501526,2,2025-07-19,1,179.99,0.00,Damaged in transit
RT-900162,SO-501531,2,2025-08-21,1,40.49,14.95,Wrong size
RT-900163,SO-501541,2,2025-08-22,1,69.99,13.95,Wrong size
RT-900164,SO-501550,1,2025-08-13,2,89.98,14.95,Damaged in transit
RT-900165,SO-501551,2,2025-07-28,1,12.74,0.00,Defective
RT-900166,SO-501557,1,2025-08-10,1,54.99,0.00,Wrong size
RT-900167,SO-501576,3,2025-08-21,2,239.98,0.00,Defective
RT-900168,SO-501582,2,2025-08-19,2,67.98,0.00,Changed mind
RT-900169,SO-501585,1,2025-08-05,2,1399.98,14.95,Defective
RT-900170,SO-501596,2,2025-07-25,1,29.99,14.95,Defective
RT-900171,SO-501608,1,2025-08-26,1,179.99,0.00,Defective
RT-900172,SO-501618,1,2025-08-10,1,59.99,0.00,Changed mind
RT-900173,SO-501636,2,2025-07-30,1,89.99,0.00,Changed mind
RT-900174,SO-501647,3,2025-08-12,1,75.59,0.00,Changed mind
RT-900175,SO-501658,1,2025-08-22,3,45.87,0.00,Defective
RT-900176,SO-501663,1,2025-08-14,1,142.49,14.95,Wrong size
RT-900177,SO-501683,1,2025-07-31,1,54.99,14.95,Damaged in transit
RT-900178,SO-501691,1,2025-08-16,1,144.49,0.00,Changed mind
RT-900179,SO-501696,1,2025-08-31,2,62.98,14.95,Damaged in transit
RT-900180,SO-501714,1,2025-09-01,2,65.98,0.00,Defective
RT-900181,SO-501716,1,2025-09-04,1,39.99,14.95,Damaged in transit
RT-900182,SO-501724,2,2025-09-01,1,599.99,0.00,Changed mind
RT-900183,SO-501755,3,2025-08-07,1,79.99,14.95,Defective
RT-900184,SO-501767,1,2025-08-18,1,157.99,13.95,Changed mind
RT-900185,SO-501784,1,2025-08-22,1,64.99,14.95,Changed mind
RT-900186,SO-501805,1,2025-09-13,1,179.99,14.95,Changed mind
RT-900187,SO-501805,2,2025-09-07,1,169.99,14.95,Damaged in transit
RT-900188,SO-501819,2,2025-09-12,1,34.99,14.95,Changed mind
RT-900189,SO-501827,1,2025-09-04,1,92.99,0.00,Changed mind
RT-900190,SO-501847,2,2025-09-05,1,179.99,14.95,Changed mind
RT-900191,SO-501853,1,2025-08-26,1,61.74,0.00,Defective
RT-900192,SO-501863,1,2025-08-29,3,98.97,0.00,Changed mind
RT-900193,SO-501882,1,2025-09-09,1,44.99,14.95,Changed mind
RT-900194,SO-501891,2,2025-08-23,1,54.99,0.00,Changed mind
RT-900195,SO-501896,1,2025-08-27,1,120.99,0.00,Wrong size
RT-900196,SO-501942,2,2025-09-16,3,119.97,0.00,Changed mind
RT-900197,SO-501958,1,2025-09-11,1,16.14,13.95,Changed mind
RT-900198,SO-501963,1,2025-09-12,2,67.98,14.95,Changed mind
RT-900199,SO-501965,1,2025-09-26,1,569.99,0.00,Changed mind
RT-900200,SO-501967,1,2025-10-03,1,123.49,0.00,Wrong size
RT-900201,SO-502023,1,2025-09-27,1,179.99,0.00,Changed mind
RT-900202,SO-502035,1,2025-09-26,1,94.99,14.95,Damaged in transit
RT-900203,SO-502038,1,2025-10-02,2,129.98,14.95,Defective
RT-900204,SO-502045,2,2025-10-06,1,169.99,0.00,Changed mind
RT-900205,SO-502047,2,2025-10-01,2,189.98,14.95,Changed mind
RT-900206,SO-502055,2,2025-10-13,1,94.99,14.95,Wrong size
RT-900207,SO-502057,1,2025-09-18,2,39.98,14.95,Changed mind
RT-900208,SO-502082,2,2025-09-19,1,594.99,0.00,Defective
RT-900209,SO-502083,1,2025-09-15,2,29.98,0.00,Changed mind
RT-900210,SO-502091,1,2025-09-22,1,179.99,14.95,Defective
RT-900211,SO-502108,1,2025-09-28,3,53.97,14.95,Changed mind
RT-900212,SO-502141,2,2025-10-06,2,79.98,0.00,Defective
RT-900213,SO-502158,1,2025-10-19,2,305.98,0.00,Damaged in transit
RT-900214,SO-502188,2,2025-10-10,1,25.19,13.95,Changed mind
RT-900215,SO-502189,2,2025-10-25,1,99.99,0.00,Wrong size
RT-900216,SO-502222,2,2025-09-30,1,64.99,0.00,Changed mind
RT-900217,SO-502241,1,2025-10-06,2,259.98,14.95,Damaged in transit
RT-900218,SO-502242,2,2025-10-19,1,24.99,14.95,Changed mind
RT-900219,SO-502248,2,2025-10-14,3,110.97,13.95,Defective
RT-900220,SO-502251,2,2025-10-08,1,74.99,14.95,Changed mind
RT-900221,SO-502256,3,2025-10-07,3,107.97,0.00,Changed mind
RT-900222,SO-502261,2,2025-10-28,1,12.59,13.95,Changed mind
RT-900223,SO-502270,1,2025-10-08,1,116.99,14.95,Changed mind
RT-900224,SO-502277,1,2025-10-11,2,246.98,0.00,Changed mind
RT-900225,SO-502277,2,2025-10-13,3,119.97,0.00,Changed mind
RT-900226,SO-502293,3,2025-10-30,1,74.99,14.95,Defective
RT-900227,SO-502309,1,2025-10-26,3,51.27,14.95,Changed mind
RT-900228,SO-502357,1,2025-10-31,1,116.99,0.00,Defective
RT-900229,SO-502402,1,2025-11-10,1,14.99,14.95,Wrong size
RT-900230,SO-502411,1,2025-10-25,2,84.98,0.00,Changed mind
RT-900231,SO-502427,1,2025-11-24,1,17.99,14.95,Wrong size
RT-900232,SO-502432,2,2025-11-02,1,19.99,0.00,Changed mind
RT-900233,SO-502461,1,2025-11-05,1,67.49,14.95,Changed mind
RT-900234,SO-502483,2,2025-11-13,2,132.98,0.00,Defective
RT-900235,SO-502509,2,2025-11-29,1,56.99,0.00,Damaged in transit
RT-900236,SO-502517,3,2025-11-08,2,26.98,0.00,Wrong size
RT-900237,SO-502522,1,2025-11-16,1,39.99,0.00,Changed mind
RT-900238,SO-502525,1,2025-11-17,1,16.19,0.00,Changed mind
RT-900239,SO-502528,3,2025-11-11,1,69.99,14.95,Wrong size
RT-900240,SO-502529,1,2025-11-15,1,99.99,0.00,Changed mind
RT-900241,SO-502538,2,2025-12-07,2,259.98,0.00,Wrong size
RT-900242,SO-502539,1,2025-11-30,2,37.98,0.00,Changed mind
RT-900243,SO-502554,1,2025-12-10,2,73.98,13.95,Wrong size
RT-900244,SO-502570,1,2025-11-18,1,650.99,0.00,Defective
RT-900245,SO-502576,2,2025-12-14,2,142.48,0.00,Changed mind
RT-900246,SO-502585,1,2025-12-20,3,382.47,0.00,Damaged in transit
RT-900247,SO-502586,2,2025-12-03,1,62.99,14.95,Changed mind
RT-900248,SO-502598,1,2025-11-18,1,169.99,14.95,Changed mind
RT-900249,SO-502606,1,2025-11-29,1,56.99,13.95,Changed mind
RT-900250,SO-502616,1,2025-11-20,1,74.99,0.00,Wrong size
RT-900251,SO-502622,1,2025-12-16,1,14.99,0.00,Wrong size
RT-900252,SO-502636,1,2025-12-02,1,49.49,0.00,Defective
RT-900253,SO-502641,3,2025-11-26,1,19.99,0.00,Changed mind
RT-900254,SO-502660,1,2025-12-12,3,42.72,0.00,Wrong size
RT-900255,SO-502709,2,2025-12-14,2,149.98,0.00,Wrong size
RT-900256,SO-502710,1,2025-12-24,3,85.47,14.95,Changed mind
RT-900257,SO-502717,1,2025-12-11,2,149.98,0.00,Changed mind
RT-900258,SO-502768,1,2026-01-05,2,25.19,14.95,Wrong size
RT-900259,SO-502768,4,2025-12-31,2,139.99,14.95,Changed mind
RT-900260,SO-502791,1,2025-12-17,2,119.98,14.95,Changed mind
RT-900261,SO-502808,2,2025-12-18,3,107.97,14.95,Defective
RT-900262,SO-502810,1,2025-12-25,1,134.99,0.00,Wrong size
RT-900263,SO-502817,3,2026-01-08,1,80.99,14.95,Changed mind
RT-900264,SO-502819,1,2025-12-28,2,199.98,0.00,Changed mind
RT-900265,SO-502834,2,2025-12-23,2,959.98,0.00,Changed mind
RT-900266,SO-502852,1,2025-12-26,3,99.72,14.95,Changed mind
RT-900267,SO-502852,2,2026-01-12,2,89.98,0.00,Wrong size
RT-900268,SO-502899,1,2025-12-22,1,129.99,14.95,Changed mind
RT-900269,SO-502909,3,2025-12-28,2,98.98,14.95,Changed mind
RT-900270,SO-502933,1,2026-01-04,2,149.98,0.00,Wrong size
RT-900271,SO-502936,1,2026-01-06,1,14.24,0.00,Wrong size
RT-900272,SO-502956,1,2026-01-26,1,89.99,14.95,Defective
RT-900273,SO-502957,2,2026-01-04,2,73.98,13.95,Defective
RT-900274,SO-502965,1,2026-01-19,2,199.98,14.95,Changed mind
RT-900275,SO-502984,3,2026-01-26,1,139.99,0.00,Changed mind
RT-900276,SO-502986,2,2026-01-11,1,170.99,14.95,Changed mind
RT-900277,SO-502993,3,2025-12-31,2,28.48,14.95,Wrong size
RT-900278,SO-502996,2,2026-01-05,2,251.99,0.00,Changed mind
RT-900279,SO-503001,2,2026-01-27,3,43.18,0.00,Changed mind
RT-900280,SO-503010,1,2026-01-22,1,89.99,14.95,Changed mind
RT-900281,SO-503010,2,2025-12-29,2,49.98,0.00,Changed mind
RT-900282,SO-503011,1,2026-01-15,1,84.99,0.00,Changed mind
RT-900283,SO-503045,4,2026-01-12,2,39.98,0.00,Damaged in transit
RT-900284,SO-503058,1,2026-01-19,1,99.99,14.95,Wrong size
RT-900285,SO-503058,2,2026-01-07,2,25.48,14.95,Changed mind
RT-900286,SO-503061,2,2026-01-20,3,149.97,0.00,Defective
RT-900287,SO-503067,2,2026-02-01,2,56.98,14.95,Changed mind
RT-900288,SO-503071,2,2026-01-29,2,1259.98,14.95,Damaged in transit
RT-900289,SO-503084,1,2026-01-09,3,50.97,14.95,Damaged in transit
RT-900290,SO-503084,2,2026-01-20,1,179.99,14.95,Defective
RT-900291,SO-503108,2,2026-01-26,3,89.97,14.95,Changed mind
RT-900292,SO-503119,1,2026-01-25,2,29.98,14.95,Changed mind
RT-900293,SO-503128,1,2026-01-23,1,127.49,0.00,Wrong size
RT-900294,SO-503129,1,2026-01-19,1,63.74,0.00,Wrong size
RT-900295,SO-503137,2,2026-01-13,3,119.97,0.00,Wrong size
RT-900296,SO-503155,1,2026-02-11,1,599.99,14.95,Damaged in transit
RT-900297,SO-503160,1,2026-02-15,3,113.97,14.95,Changed mind
RT-900298,SO-503160,2,2026-02-08,2,28.48,14.95,Wrong size
RT-900299,SO-503162,2,2026-01-21,1,569.99,14.95,Defective
RT-900300,SO-503196,4,2026-01-22,1,169.99,0.00,Changed mind
RT-900301,SO-503203,1,2026-01-28,1,67.99,0.00,Damaged in transit
RT-900302,SO-503209,1,2026-02-13,1,557.99,0.00,Defective
RT-900303,SO-503212,1,2026-01-31,1,509.99,0.00,Damaged in transit
RT-900304,SO-503228,1,2026-02-16,2,34.18,0.00,Damaged in transit
RT-900305,SO-503239,1,2026-01-31,1,15.29,0.00,Wrong size
RT-900306,SO-503263,2,2026-02-06,2,69.98,14.95,Defective
RT-900307,SO-503275,2,2026-02-17,1,557.99,13.95,Defective
RT-900308,SO-503282,2,2026-03-03,1,509.99,0.00,Defective
RT-900309,SO-503331,4,2026-03-10,3,127.47,14.95,Wrong size
RT-900310,SO-503338,2,2026-02-27,1,474.29,0.00,Defective
RT-900311,SO-503346,2,2026-02-20,1,99.99,14.95,Wrong size
RT-900312,SO-503361,2,2026-03-19,1,599.99,14.95,Defective
RT-900313,SO-503362,2,2026-03-02,1,85.49,14.95,Changed mind
RT-900314,SO-503385,2,2026-03-08,1,16.14,13.95,Changed mind
RT-900315,SO-503386,1,2026-03-11,1,599.99,0.00,Defective
RT-900316,SO-503388,4,2026-03-20,1,99.99,0.00,Wrong size
RT-900317,SO-503415,2,2026-03-19,1,169.99,14.95,Changed mind
RT-900318,SO-503426,1,2026-03-25,1,120.99,13.95,Wrong size
RT-900319,SO-503426,3,2026-03-04,1,59.99,0.00,Changed mind
RT-900320,SO-503431,1,2026-03-22,1,14.24,14.95,Wrong size
RT-900321,SO-503434,2,2026-03-15,1,63.74,14.95,Damaged in transit
RT-900322,SO-503445,3,2026-03-13,1,99.99,14.95,Changed mind
RT-900323,SO-503453,3,2026-03-07,2,50.98,0.00,Changed mind
RT-900324,SO-503463,2,2026-04-01,1,27.99,0.00,Changed mind
RT-900325,SO-503473,1,2026-04-03,1,179.99,14.95,Changed mind
RT-900326,SO-503476,1,2026-03-15,1,169.99,0.00,Defective
RT-900327,SO-503482,2,2026-03-13,3,149.97,0.00,Wrong size
RT-900328,SO-503487,1,2026-03-18,3,44.97,14.95,Wrong size
RT-900329,SO-503500,1,2026-03-20,1,18.99,13.95,Defective
RT-900330,SO-503501,1,2026-04-03,2,1199.98,14.95,Defective
RT-900331,SO-503502,3,2026-04-10,2,87.98,0.00,Changed mind
RT-900332,SO-503502,4,2026-04-09,1,50.99,0.00,Changed mind
RT-900333,SO-503529,2,2026-03-16,1,64.99,0.00,Wrong size
RT-900334,SO-503543,3,2026-04-07,2,199.98,14.95,Changed mind
RT-900335,SO-503555,1,2026-04-03,3,104.98,0.00,Defective
RT-900336,SO-503573,1,2026-04-09,2,119.98,14.95,Changed mind
RT-900337,SO-503597,1,2026-03-22,2,59.98,0.00,Defective
RT-900338,SO-503621,1,2026-04-03,2,79.98,14.95,Changed mind
RT-900339,SO-503631,3,2026-04-03,1,123.49,0.00,Changed mind
RT-900340,SO-503637,1,2026-03-29,1,539.99,0.00,Defective
RT-900341,SO-503643,2,2026-04-05,1,42.74,14.95,Damaged in transit
RT-900342,SO-503665,1,2026-04-05,2,35.98,0.00,Damaged in transit
RT-900343,SO-503693,1,2026-04-08,3,53.97,14.95,Wrong size
