ScheduledStart,End,DurationMin,Status,ErrorCode
2026-05-25 05:30,2026-05-25 06:03,33,Completed,
2026-05-26 05:30,2026-05-26 06:06,36,Completed,
2026-05-27 05:30,2026-05-27 06:01,31,Completed,
2026-05-28 05:30,2026-05-28 06:08,38,Completed,
2026-05-29 05:30,2026-05-29 06:04,34,Completed,
2026-05-30 05:30,2026-05-30 06:07,37,Completed,
2026-05-31 05:30,2026-05-31 06:02,32,Completed,
2026-06-01 05:30,2026-06-01 06:09,39,Completed,
2026-06-02 05:30,2026-06-02 06:05,35,Completed,
2026-06-03 05:30,2026-06-03 06:03,33,Completed,
2026-06-04 05:30,2026-06-04 06:06,36,Completed,
2026-06-05 05:30,2026-06-05 06:04,34,Completed,
2026-06-06 05:30,2026-06-06 06:08,38,Completed,
2026-06-07 05:30,2026-06-07 06:05,35,Completed,
2026-06-08 05:30,2026-06-08 06:17,47,Failed,DM_GWPipeline_Gateway_MashupDataAccessError
