OrderID,Event,EventTimeUTC
SO-503480,Placed,2026-03-01 17:00
SO-503480,Picked,2026-03-01 19:00
SO-503480,Shipped,2026-03-03 15:00
SO-503480,Delivered,2026-03-05 15:00
SO-503481,Placed,2026-03-01 09:00
SO-503481,Picked,2026-03-02 08:00
SO-503481,Shipped,2026-03-04 15:00
SO-503481,Delivered,2026-03-08 15:00
SO-503482,Placed,2026-03-01 15:00
SO-503482,Picked,2026-03-02 13:00
SO-503482,Shipped,2026-03-03 15:00
SO-503482,Delivered,2026-03-06 15:00
SO-503483,Placed,2026-03-01 09:00
SO-503483,Picked,2026-03-02 01:00
SO-503483,Shipped,2026-03-03 15:00
SO-503483,Delivered,2026-03-05 15:00
SO-503484,Placed,2026-03-01 21:00
SO-503484,Picked,2026-03-02 06:00
SO-503484,Shipped,2026-03-04 15:00
SO-503484,Delivered,2026-03-08 15:00
SO-503485,Placed,2026-03-01 16:00
SO-503485,Picked,2026-03-02 03:00
SO-503485,Shipped,2026-03-02 15:00
SO-503485,Delivered,2026-03-05 15:00
SO-503486,Placed,2026-03-01 18:00
SO-503486,Picked,2026-03-01 23:00
SO-503486,Shipped,2026-03-05 15:00
SO-503486,Delivered,2026-03-08 15:00
SO-503487,Placed,2026-03-01 09:00
SO-503487,Picked,2026-03-01 20:00
SO-503487,Shipped,2026-03-03 15:00
SO-503487,Delivered,2026-03-05 15:00
SO-503488,Placed,2026-03-02 11:00
SO-503488,Picked,2026-03-02 13:00
SO-503488,Shipped,2026-03-05 15:00
SO-503488,Delivered,2026-03-09 15:00
SO-503489,Placed,2026-03-02 17:00
SO-503489,Picked,2026-03-03 14:00
SO-503489,Shipped,2026-03-04 15:00
SO-503489,Delivered,2026-03-06 15:00
SO-503490,Placed,2026-03-02 09:00
SO-503490,Picked,2026-03-03 15:00
SO-503490,Shipped,2026-03-03 16:00
SO-503490,Delivered,2026-03-05 16:00
SO-503491,Placed,2026-03-02 14:00
SO-503491,Picked,2026-03-03 01:00
SO-503491,Shipped,2026-03-06 15:00
SO-503491,Delivered,2026-03-10 15:00
SO-503493,Placed,2026-03-02 11:00
SO-503493,Picked,2026-03-02 14:00
SO-503493,Shipped,2026-03-03 15:00
SO-503493,Delivered,2026-03-05 15:00
SO-503494,Placed,2026-03-02 11:00
SO-503494,Picked,2026-03-03 14:00
SO-503494,Shipped,2026-03-05 15:00
SO-503494,Delivered,2026-03-07 15:00
SO-503495,Placed,2026-03-02 13:00
SO-503495,Picked,2026-03-03 19:00
SO-503495,Shipped,2026-03-04 15:00
SO-503495,Delivered,2026-03-06 15:00
SO-503496,Placed,2026-03-03 22:00
SO-503496,Picked,2026-03-05 04:00
SO-503496,Shipped,2026-03-07 15:00
SO-503496,Delivered,2026-03-08 15:00
SO-503497,Placed,2026-03-03 11:00
SO-503497,Picked,2026-03-04 14:00
SO-503497,Shipped,2026-03-04 15:00
SO-503497,Delivered,2026-03-08 15:00
SO-503498,Placed,2026-03-03 20:00
SO-503498,Picked,2026-03-05 01:00
SO-503498,Shipped,2026-03-05 15:00
SO-503498,Delivered,2026-03-08 15:00
SO-503499,Placed,2026-03-03 21:00
SO-503499,Picked,2026-03-04 06:00
SO-503499,Shipped,2026-03-04 15:00
SO-503499,Delivered,2026-03-06 15:00
SO-503500,Placed,2026-03-03 20:00
SO-503500,Picked,2026-03-04 15:00
SO-503500,Shipped,2026-03-04 16:00
SO-503500,Delivered,2026-03-06 16:00
SO-503501,Placed,2026-03-03 22:00
SO-503501,Picked,2026-03-04 19:00
SO-503501,Shipped,2026-03-07 15:00
SO-503501,Delivered,2026-03-08 15:00
SO-503502,Placed,2026-03-04 09:00
SO-503502,Picked,2026-03-04 17:00
SO-503502,Shipped,2026-03-06 15:00
SO-503502,Delivered,2026-03-09 15:00
SO-503503,Placed,2026-03-04 09:00
SO-503503,Picked,2026-03-04 18:00
SO-503503,Shipped,2026-03-08 15:00
SO-503503,Delivered,2026-03-11 15:00
SO-503504,Placed,2026-03-04 13:00
SO-503504,Picked,2026-03-04 17:00
SO-503504,Shipped,2026-03-05 15:00
SO-503504,Delivered,2026-03-08 15:00
SO-503505,Placed,2026-03-04 14:00
SO-503505,Picked,2026-03-05 12:00
SO-503505,Shipped,2026-03-06 15:00
SO-503505,Delivered,2026-03-07 15:00
SO-503506,Placed,2026-03-04 13:00
SO-503506,Picked,2026-03-04 20:00
SO-503506,Shipped,2026-03-07 15:00
SO-503506,Delivered,2026-03-11 15:00
SO-503507,Placed,2026-03-05 20:00
SO-503507,Picked,2026-03-06 00:00
SO-503507,Shipped,2026-03-09 15:00
SO-503507,Delivered,2026-03-11 15:00
SO-503508,Placed,2026-03-05 14:00
SO-503508,Picked,2026-03-06 21:00
SO-503508,Shipped,2026-03-08 15:00
SO-503508,Delivered,2026-03-09 15:00
SO-503509,Placed,2026-03-05 14:00
SO-503509,Picked,2026-03-06 11:00
SO-503509,Shipped,2026-03-07 15:00
SO-503509,Delivered,2026-03-09 15:00
SO-503510,Placed,2026-03-05 20:00
SO-503510,Picked,2026-03-06 06:00
SO-503510,Shipped,2026-03-09 15:00
SO-503510,Delivered,2026-03-12 15:00
SO-503511,Placed,2026-03-05 16:00
SO-503511,Picked,2026-03-06 22:00
SO-503511,Shipped,2026-03-11 15:00
SO-503511,Delivered,2026-03-16 15:00
SO-503512,Placed,2026-03-05 17:00
SO-503512,Picked,2026-03-06 22:00
SO-503512,Shipped,2026-03-08 15:00
SO-503512,Delivered,2026-03-09 15:00
SO-503513,Placed,2026-03-05 08:00
SO-503513,Picked,2026-03-05 11:00
SO-503513,Shipped,2026-03-07 15:00
SO-503513,Delivered,2026-03-08 15:00
SO-503514,Placed,2026-03-05 20:00
SO-503514,Picked,2026-03-06 10:00
SO-503514,Shipped,2026-03-09 15:00
SO-503514,Delivered,2026-03-11 15:00
SO-503515,Placed,2026-03-05 11:00
SO-503515,Picked,2026-03-05 20:00
SO-503515,Shipped,2026-03-08 15:00
SO-503515,Delivered,2026-03-09 15:00
SO-503516,Placed,2026-03-06 12:00
SO-503516,Picked,2026-03-06 19:00
SO-503516,Shipped,2026-03-10 15:00
SO-503516,Delivered,2026-03-13 15:00
SO-503517,Placed,2026-03-06 12:00
SO-503517,Picked,2026-03-06 20:00
SO-503517,Shipped,2026-03-10 15:00
SO-503517,Delivered,2026-03-11 15:00
SO-503518,Placed,2026-03-06 19:00
SO-503518,Picked,2026-03-08 02:00
SO-503518,Shipped,2026-03-09 15:00
SO-503518,Delivered,2026-03-12 15:00
SO-503519,Placed,2026-03-06 22:00
SO-503519,Picked,2026-03-07 08:00
SO-503519,Shipped,2026-03-09 15:00
SO-503519,Delivered,2026-03-12 15:00
SO-503520,Placed,2026-03-06 15:00
SO-503520,Picked,2026-03-07 06:00
SO-503520,Shipped,2026-03-08 15:00
SO-503520,Delivered,2026-03-10 15:00
SO-503521,Placed,2026-03-07 14:00
SO-503521,Picked,2026-03-08 11:00
SO-503521,Shipped,2026-03-10 15:00
SO-503521,Delivered,2026-03-13 15:00
SO-503522,Placed,2026-03-07 12:00
SO-503522,Picked,2026-03-08 08:00
SO-503522,Shipped,2026-03-08 15:00
SO-503522,Delivered,2026-03-09 15:00
SO-503523,Placed,2026-03-07 13:00
SO-503523,Picked,2026-03-08 09:00
SO-503523,Shipped,2026-03-09 15:00
SO-503523,Delivered,2026-03-12 15:00
SO-503524,Placed,2026-03-07 09:00
SO-503524,Picked,2026-03-07 18:00
SO-503524,Shipped,2026-03-11 15:00
SO-503524,Delivered,2026-03-15 15:00
SO-503525,Placed,2026-03-07 20:00
SO-503525,Picked,2026-03-08 07:00
SO-503525,Shipped,2026-03-10 15:00
SO-503525,Delivered,2026-03-12 15:00
SO-503526,Placed,2026-03-07 21:00
SO-503526,Picked,2026-03-08 15:00
SO-503526,Shipped,2026-03-08 16:00
SO-503526,Delivered,2026-03-12 16:00
SO-503527,Placed,2026-03-07 19:00
SO-503527,Picked,2026-03-08 19:00
SO-503527,Shipped,2026-03-08 20:00
SO-503527,Delivered,2026-03-10 20:00
SO-503528,Placed,2026-03-07 10:00
SO-503528,Picked,2026-03-08 12:00
SO-503528,Shipped,2026-03-08 15:00
SO-503528,Delivered,2026-03-14 15:00
SO-503529,Placed,2026-03-07 11:00
SO-503529,Picked,2026-03-08 01:00
SO-503529,Shipped,2026-03-11 15:00
SO-503529,Delivered,2026-03-13 15:00
SO-503530,Placed,2026-03-08 17:00
SO-503530,Picked,2026-03-09 08:00
SO-503530,Shipped,2026-03-10 15:00
SO-503530,Delivered,2026-03-11 15:00
SO-503531,Placed,2026-03-08 19:00
SO-503531,Picked,2026-03-09 11:00
SO-503531,Shipped,2026-03-10 15:00
SO-503531,Delivered,2026-03-11 15:00
SO-503532,Placed,2026-03-08 08:00
SO-503532,Picked,2026-03-08 12:00
SO-503532,Shipped,2026-03-12 15:00
SO-503532,Delivered,2026-03-13 15:00
SO-503533,Placed,2026-03-08 20:00
SO-503533,Picked,2026-03-09 17:00
SO-503533,Shipped,2026-03-10 15:00
SO-503533,Delivered,2026-03-11 15:00
SO-503534,Placed,2026-03-08 13:00
SO-503534,Picked,2026-03-09 01:00
SO-503534,Shipped,2026-03-12 15:00
SO-503534,Delivered,2026-03-15 15:00
SO-503535,Placed,2026-03-08 20:00
SO-503535,Picked,2026-03-10 01:00
SO-503535,Shipped,2026-03-11 15:00
SO-503535,Delivered,2026-03-13 15:00
SO-503536,Placed,2026-03-08 14:00
SO-503536,Picked,2026-03-09 16:00
SO-503536,Shipped,2026-03-12 15:00
SO-503536,Delivered,2026-03-15 15:00
SO-503537,Placed,2026-03-09 19:00
SO-503537,Picked,2026-03-09 22:00
SO-503537,Shipped,2026-03-11 15:00
SO-503537,Delivered,2026-03-15 15:00
SO-503538,Placed,2026-03-09 20:00
SO-503538,Picked,2026-03-10 12:00
SO-503538,Shipped,2026-03-11 15:00
SO-503538,Delivered,2026-03-15 15:00
SO-503539,Placed,2026-03-09 18:00
SO-503539,Picked,2026-03-10 14:00
SO-503539,Shipped,2026-03-12 15:00
SO-503539,Delivered,2026-03-13 15:00
SO-503540,Placed,2026-03-09 11:00
SO-503540,Picked,2026-03-09 20:00
SO-503540,Shipped,2026-03-12 15:00
SO-503540,Delivered,2026-03-16 15:00
SO-503541,Placed,2026-03-09 15:00
SO-503541,Picked,2026-03-10 22:00
SO-503541,Shipped,2026-03-12 15:00
SO-503541,Delivered,2026-03-14 15:00
SO-503542,Placed,2026-03-09 10:00
SO-503542,Picked,2026-03-10 16:00
SO-503542,Shipped,2026-03-11 15:00
SO-503542,Delivered,2026-03-14 15:00
SO-503543,Placed,2026-03-09 08:00
SO-503543,Picked,2026-03-09 18:00
SO-503543,Shipped,2026-03-13 15:00
SO-503543,Delivered,2026-03-14 15:00
SO-503544,Placed,2026-03-09 22:00
SO-503544,Picked,2026-03-10 14:00
SO-503544,Shipped,2026-03-11 15:00
SO-503544,Delivered,2026-03-14 15:00
SO-503545,Placed,2026-03-10 17:00
SO-503545,Picked,2026-03-11 05:00
SO-503545,Shipped,2026-03-13 15:00
SO-503545,Delivered,2026-03-16 15:00
SO-503546,Placed,2026-03-10 20:00
SO-503546,Picked,2026-03-11 12:00
SO-503546,Shipped,2026-03-12 15:00
SO-503546,Delivered,2026-03-14 15:00
SO-503547,Placed,2026-03-10 19:00
SO-503547,Picked,2026-03-11 11:00
SO-503547,Shipped,2026-03-12 15:00
SO-503547,Delivered,2026-03-15 15:00
SO-503548,Placed,2026-03-10 08:00
SO-503548,Picked,2026-03-11 09:00
SO-503548,Shipped,2026-03-13 15:00
SO-503548,Delivered,2026-03-14 15:00
SO-503549,Placed,2026-03-10 17:00
SO-503549,Picked,2026-03-11 11:00
SO-503549,Shipped,2026-03-11 15:00
SO-503549,Delivered,2026-03-13 15:00
SO-503550,Placed,2026-03-10 15:00
SO-503550,Picked,2026-03-11 01:00
SO-503550,Shipped,2026-03-13 15:00
SO-503550,Delivered,2026-03-14 15:00
SO-503551,Placed,2026-03-11 10:00
SO-503551,Picked,2026-03-12 17:00
SO-503551,Shipped,2026-03-14 15:00
SO-503551,Delivered,2026-03-18 15:00
SO-503552,Placed,2026-03-11 11:00
SO-503552,Picked,2026-03-12 02:00
SO-503552,Shipped,2026-03-15 15:00
SO-503552,Delivered,2026-03-19 15:00
SO-503553,Placed,2026-03-11 18:00
SO-503553,Picked,2026-03-12 02:00
SO-503553,Shipped,2026-03-12 15:00
SO-503553,Delivered,2026-03-13 15:00
SO-503554,Placed,2026-03-11 12:00
SO-503554,Picked,2026-03-12 12:00
SO-503554,Shipped,2026-03-15 15:00
SO-503554,Delivered,2026-03-18 15:00
SO-503555,Placed,2026-03-11 17:00
SO-503555,Picked,2026-03-12 21:00
SO-503555,Shipped,2026-03-15 15:00
SO-503555,Delivered,2026-03-19 15:00
SO-503556,Placed,2026-03-11 15:00
SO-503556,Picked,2026-03-11 20:00
SO-503556,Shipped,2026-03-13 15:00
SO-503556,Delivered,2026-03-14 15:00
SO-503557,Placed,2026-03-11 09:00
SO-503557,Picked,2026-03-12 08:00
SO-503557,Shipped,2026-03-13 15:00
SO-503557,Delivered,2026-03-17 15:00
SO-503558,Placed,2026-03-11 09:00
SO-503558,Picked,2026-03-11 20:00
SO-503558,Shipped,2026-03-15 15:00
SO-503558,Delivered,2026-03-18 15:00
SO-503559,Placed,2026-03-12 17:00
SO-503559,Picked,2026-03-13 01:00
SO-503559,Shipped,2026-03-15 15:00
SO-503559,Delivered,2026-03-18 15:00
SO-503560,Placed,2026-03-12 16:00
SO-503560,Picked,2026-03-12 18:00
SO-503560,Shipped,2026-03-15 15:00
SO-503560,Delivered,2026-03-18 15:00
SO-503561,Placed,2026-03-12 21:00
SO-503561,Picked,2026-03-13 21:00
SO-503561,Shipped,2026-03-16 15:00
SO-503561,Delivered,2026-03-18 15:00
SO-503562,Placed,2026-03-12 18:00
SO-503562,Picked,2026-03-13 13:00
SO-503562,Shipped,2026-03-16 15:00
SO-503562,Delivered,2026-03-19 15:00
SO-503563,Placed,2026-03-12 09:00
SO-503563,Picked,2026-03-12 17:00
SO-503563,Shipped,2026-03-13 15:00
SO-503563,Delivered,2026-03-17 15:00
SO-503564,Placed,2026-03-12 12:00
SO-503564,Picked,2026-03-12 23:00
SO-503564,Shipped,2026-03-14 15:00
SO-503564,Delivered,2026-03-16 15:00
SO-503565,Placed,2026-03-12 17:00
SO-503565,Picked,2026-03-13 03:00
SO-503565,Shipped,2026-03-13 15:00
SO-503565,Delivered,2026-03-15 15:00
SO-503566,Placed,2026-03-12 18:00
SO-503566,Picked,2026-03-13 13:00
SO-503566,Shipped,2026-03-14 15:00
SO-503566,Delivered,2026-03-15 15:00
SO-503567,Placed,2026-03-13 08:00
SO-503567,Picked,2026-03-13 22:00
SO-503567,Shipped,2026-03-15 15:00
SO-503567,Delivered,2026-03-18 15:00
SO-503568,Placed,2026-03-13 18:00
SO-503568,Picked,2026-03-14 02:00
SO-503568,Shipped,2026-03-14 15:00
SO-503568,Delivered,2026-03-18 15:00
SO-503569,Placed,2026-03-13 20:00
SO-503569,Picked,2026-03-14 12:00
SO-503569,Shipped,2026-03-14 15:00
SO-503569,Delivered,2026-03-16 15:00
SO-503570,Placed,2026-03-13 14:00
SO-503570,Picked,2026-03-13 22:00
SO-503570,Shipped,2026-03-14 15:00
SO-503570,Delivered,2026-03-17 15:00
SO-503571,Placed,2026-03-13 14:00
SO-503571,Picked,2026-03-14 00:00
SO-503571,Shipped,2026-03-17 15:00
SO-503571,Delivered,2026-03-21 15:00
SO-503572,Placed,2026-03-13 19:00
SO-503572,Picked,2026-03-14 18:00
SO-503572,Shipped,2026-03-17 15:00
SO-503572,Delivered,2026-03-19 15:00
SO-503573,Placed,2026-03-13 09:00
SO-503573,Picked,2026-03-13 21:00
SO-503573,Shipped,2026-03-14 15:00
SO-503573,Delivered,2026-03-15 15:00
SO-503574,Placed,2026-03-13 09:00
SO-503574,Picked,2026-03-14 13:00
SO-503574,Shipped,2026-03-16 15:00
SO-503574,Delivered,2026-03-18 15:00
SO-503575,Placed,2026-03-13 19:00
SO-503575,Picked,2026-03-14 19:00
SO-503575,Shipped,2026-03-20 15:00
SO-503575,Delivered,2026-03-24 15:00
SO-503576,Placed,2026-03-14 13:00
SO-503576,Picked,2026-03-15 19:00
SO-503576,Shipped,2026-03-17 15:00
SO-503576,Delivered,2026-03-18 15:00
SO-503577,Placed,2026-03-14 15:00
SO-503577,Picked,2026-03-15 19:00
SO-503577,Shipped,2026-03-17 15:00
SO-503577,Delivered,2026-03-19 15:00
SO-503579,Placed,2026-03-14 08:00
SO-503579,Picked,2026-03-14 12:00
SO-503579,Shipped,2026-03-18 15:00
SO-503579,Delivered,2026-03-22 15:00
SO-503580,Placed,2026-03-14 13:00
SO-503580,Picked,2026-03-15 13:00
SO-503580,Shipped,2026-03-15 15:00
SO-503580,Delivered,2026-03-16 15:00
SO-503581,Placed,2026-03-14 18:00
SO-503581,Picked,2026-03-15 01:00
SO-503581,Shipped,2026-03-15 15:00
SO-503581,Delivered,2026-03-16 15:00
SO-503582,Placed,2026-03-14 09:00
SO-503582,Picked,2026-03-15 15:00
SO-503582,Shipped,2026-03-15 16:00
SO-503582,Delivered,2026-03-16 16:00
SO-503583,Placed,2026-03-15 11:00
SO-503583,Picked,2026-03-16 10:00
SO-503583,Shipped,2026-03-19 15:00
SO-503583,Delivered,2026-03-22 15:00
SO-503584,Placed,2026-03-15 09:00
SO-503584,Picked,2026-03-16 15:00
SO-503584,Shipped,2026-03-17 15:00
SO-503584,Delivered,2026-03-18 15:00
SO-503585,Placed,2026-03-15 14:00
SO-503585,Picked,2026-03-16 08:00
SO-503585,Shipped,2026-03-18 15:00
SO-503585,Delivered,2026-03-20 15:00
SO-503586,Placed,2026-03-15 15:00
SO-503586,Picked,2026-03-16 14:00
SO-503586,Shipped,2026-03-19 15:00
SO-503586,Delivered,2026-03-22 15:00
SO-503587,Placed,2026-03-15 09:00
SO-503587,Picked,2026-03-16 01:00
SO-503587,Shipped,2026-03-18 15:00
SO-503587,Delivered,2026-03-22 15:00
SO-503588,Placed,2026-03-15 19:00
SO-503588,Picked,2026-03-15 22:00
SO-503588,Shipped,2026-03-19 15:00
SO-503588,Delivered,2026-03-20 15:00
SO-503589,Placed,2026-03-15 17:00
SO-503589,Picked,2026-03-16 01:00
SO-503589,Shipped,2026-03-19 15:00
SO-503589,Delivered,2026-03-20 15:00
SO-503590,Placed,2026-03-15 09:00
SO-503590,Picked,2026-03-16 06:00
SO-503590,Shipped,2026-03-17 15:00
SO-503590,Delivered,2026-03-21 15:00
SO-503591,Placed,2026-03-16 18:00
SO-503591,Picked,2026-03-17 13:00
SO-503591,Shipped,2026-03-19 15:00
SO-503591,Delivered,2026-03-21 15:00
SO-503592,Placed,2026-03-16 21:00
SO-503592,Picked,2026-03-17 13:00
SO-503592,Shipped,2026-03-19 15:00
SO-503592,Delivered,2026-03-22 15:00
SO-503593,Placed,2026-03-16 11:00
SO-503593,Picked,2026-03-16 22:00
SO-503593,Shipped,2026-03-20 15:00
SO-503593,Delivered,2026-03-23 15:00
SO-503594,Placed,2026-03-16 14:00
SO-503594,Picked,2026-03-17 21:00
SO-503594,Shipped,2026-03-18 15:00
SO-503594,Delivered,2026-03-19 15:00
SO-503595,Placed,2026-03-16 18:00
SO-503595,Picked,2026-03-17 14:00
SO-503595,Shipped,2026-03-18 15:00
SO-503595,Delivered,2026-03-22 15:00
SO-503596,Placed,2026-03-16 09:00
SO-503596,Picked,2026-03-17 09:00
SO-503596,Shipped,2026-03-20 15:00
SO-503596,Delivered,2026-03-21 15:00
SO-503597,Placed,2026-03-16 17:00
SO-503597,Picked,2026-03-17 11:00
SO-503597,Shipped,2026-03-20 15:00
SO-503597,Delivered,2026-03-23 15:00
SO-503598,Placed,2026-03-16 09:00
SO-503598,Picked,2026-03-17 00:00
SO-503598,Shipped,2026-03-20 15:00
SO-503598,Delivered,2026-03-22 15:00
SO-503599,Placed,2026-03-16 09:00
SO-503599,Picked,2026-03-17 08:00
SO-503599,Shipped,2026-03-20 15:00
SO-503599,Delivered,2026-03-22 15:00
SO-503600,Placed,2026-03-17 18:00
SO-503600,Picked,2026-03-17 20:00
SO-503600,Shipped,2026-03-19 15:00
SO-503600,Delivered,2026-03-21 15:00
SO-503601,Placed,2026-03-17 13:00
SO-503601,Picked,2026-03-18 09:00
SO-503601,Shipped,2026-03-18 15:00
SO-503601,Delivered,2026-03-21 15:00
SO-503602,Placed,2026-03-17 16:00
SO-503602,Picked,2026-03-18 18:00
SO-503602,Shipped,2026-03-19 15:00
SO-503602,Delivered,2026-03-22 15:00
SO-503603,Placed,2026-03-17 21:00
SO-503603,Picked,2026-03-18 03:00
SO-503603,Shipped,2026-03-20 15:00
SO-503603,Delivered,2026-03-21 15:00
SO-503604,Placed,2026-03-17 12:00
SO-503604,Picked,2026-03-18 17:00
SO-503604,Shipped,2026-03-19 15:00
SO-503604,Delivered,2026-03-20 15:00
SO-503605,Placed,2026-03-17 08:00
SO-503605,Picked,2026-03-17 16:00
SO-503605,Shipped,2026-03-18 15:00
SO-503605,Delivered,2026-03-20 15:00
SO-503606,Placed,2026-03-17 19:00
SO-503606,Picked,2026-03-18 22:00
SO-503606,Shipped,2026-03-18 23:00
SO-503606,Delivered,2026-03-21 23:00
SO-503607,Placed,2026-03-17 08:00
SO-503607,Picked,2026-03-18 04:00
SO-503607,Shipped,2026-03-21 15:00
SO-503607,Delivered,2026-03-24 15:00
SO-503608,Placed,2026-03-18 12:00
SO-503608,Picked,2026-03-18 16:00
SO-503608,Shipped,2026-03-20 15:00
SO-503608,Delivered,2026-03-24 15:00
SO-503609,Placed,2026-03-18 20:00
SO-503609,Picked,2026-03-18 23:00
SO-503609,Shipped,2026-03-19 15:00
SO-503609,Delivered,2026-03-22 15:00
SO-503610,Placed,2026-03-18 19:00
SO-503610,Picked,2026-03-18 23:00
SO-503610,Shipped,2026-03-22 15:00
SO-503610,Delivered,2026-03-26 15:00
SO-503611,Placed,2026-03-18 10:00
SO-503611,Picked,2026-03-19 12:00
SO-503611,Shipped,2026-03-21 15:00
SO-503611,Delivered,2026-03-22 15:00
SO-503612,Placed,2026-03-18 08:00
SO-503612,Picked,2026-03-19 09:00
SO-503612,Shipped,2026-03-20 15:00
SO-503612,Delivered,2026-03-21 15:00
SO-503613,Placed,2026-03-18 21:00
SO-503613,Picked,2026-03-19 09:00
SO-503613,Shipped,2026-03-21 15:00
SO-503613,Delivered,2026-03-25 15:00
SO-503614,Placed,2026-03-18 08:00
SO-503614,Picked,2026-03-18 22:00
SO-503614,Shipped,2026-03-19 15:00
SO-503614,Delivered,2026-03-20 15:00
SO-503615,Placed,2026-03-18 18:00
SO-503615,Picked,2026-03-19 13:00
SO-503615,Shipped,2026-03-20 15:00
SO-503615,Delivered,2026-03-23 15:00
SO-503616,Placed,2026-03-18 17:00
SO-503616,Picked,2026-03-19 03:00
SO-503616,Shipped,2026-03-20 15:00
SO-503616,Delivered,2026-03-23 15:00
SO-503617,Placed,2026-03-19 17:00
SO-503617,Picked,2026-03-20 17:00
SO-503617,Shipped,2026-03-22 15:00
SO-503617,Delivered,2026-03-26 15:00
SO-503618,Placed,2026-03-19 14:00
SO-503618,Picked,2026-03-20 00:00
SO-503618,Shipped,2026-03-20 15:00
SO-503618,Delivered,2026-03-21 15:00
SO-503619,Placed,2026-03-19 10:00
SO-503619,Picked,2026-03-20 08:00
SO-503619,Shipped,2026-03-22 15:00
SO-503619,Delivered,2026-03-24 15:00
SO-503620,Placed,2026-03-19 13:00
SO-503620,Picked,2026-03-19 16:00
SO-503620,Shipped,2026-03-23 15:00
SO-503620,Delivered,2026-03-24 15:00
SO-503621,Placed,2026-03-19 15:00
SO-503621,Picked,2026-03-20 19:00
SO-503621,Shipped,2026-03-20 20:00
SO-503621,Delivered,2026-03-24 20:00
SO-503622,Placed,2026-03-19 22:00
SO-503622,Picked,2026-03-20 16:00
SO-503622,Shipped,2026-03-20 17:00
SO-503622,Delivered,2026-03-21 17:00
SO-503623,Placed,2026-03-19 18:00
SO-503623,Picked,2026-03-20 23:00
SO-503623,Shipped,2026-03-21 00:00
SO-503623,Delivered,2026-03-23 00:00
SO-503624,Placed,2026-03-19 14:00
SO-503624,Picked,2026-03-19 17:00
SO-503624,Shipped,2026-03-22 15:00
SO-503624,Delivered,2026-03-24 15:00
SO-503625,Placed,2026-03-20 18:00
SO-503625,Picked,2026-03-21 23:00
SO-503625,Shipped,2026-03-23 15:00
SO-503625,Delivered,2026-03-25 15:00
SO-503626,Placed,2026-03-20 09:00
SO-503626,Picked,2026-03-20 14:00
SO-503626,Shipped,2026-03-22 15:00
SO-503626,Delivered,2026-03-23 15:00
SO-503627,Placed,2026-03-20 17:00
SO-503627,Picked,2026-03-21 19:00
SO-503627,Shipped,2026-03-22 15:00
SO-503627,Delivered,2026-03-23 15:00
SO-503628,Placed,2026-03-20 14:00
SO-503628,Picked,2026-03-21 02:00
SO-503628,Shipped,2026-03-23 15:00
SO-503628,Delivered,2026-03-27 15:00
SO-503629,Placed,2026-03-20 11:00
SO-503629,Picked,2026-03-21 14:00
SO-503629,Shipped,2026-03-24 15:00
SO-503629,Delivered,2026-03-28 15:00
SO-503630,Placed,2026-03-20 22:00
SO-503630,Picked,2026-03-21 23:00
SO-503630,Shipped,2026-03-22 00:00
SO-503630,Delivered,2026-03-24 00:00
SO-503631,Placed,2026-03-20 11:00
SO-503631,Picked,2026-03-20 16:00
SO-503631,Shipped,2026-03-21 15:00
SO-503631,Delivered,2026-03-24 15:00
SO-503632,Placed,2026-03-20 10:00
SO-503632,Picked,2026-03-20 23:00
SO-503632,Shipped,2026-03-23 15:00
SO-503632,Delivered,2026-03-25 15:00
SO-503633,Placed,2026-03-21 11:00
SO-503633,Picked,2026-03-22 09:00
SO-503633,Shipped,2026-03-25 15:00
SO-503633,Delivered,2026-03-29 15:00
SO-503634,Placed,2026-03-21 18:00
SO-503634,Picked,2026-03-22 16:00
SO-503634,Shipped,2026-03-24 15:00
SO-503634,Delivered,2026-03-27 15:00
SO-503635,Placed,2026-03-21 10:00
SO-503635,Picked,2026-03-22 12:00
SO-503635,Shipped,2026-03-25 15:00
SO-503635,Delivered,2026-03-29 15:00
SO-503636,Placed,2026-03-21 09:00
SO-503636,Picked,2026-03-22 04:00
SO-503636,Shipped,2026-03-25 15:00
SO-503636,Delivered,2026-03-29 15:00
SO-503637,Placed,2026-03-21 14:00
SO-503637,Picked,2026-03-22 15:00
SO-503637,Shipped,2026-03-25 15:00
SO-503637,Delivered,2026-03-26 15:00
SO-503638,Placed,2026-03-21 13:00
SO-503638,Picked,2026-03-21 22:00
SO-503638,Shipped,2026-03-25 15:00
SO-503638,Delivered,2026-03-28 15:00
SO-503639,Placed,2026-03-21 12:00
SO-503639,Picked,2026-03-21 17:00
SO-503639,Shipped,2026-03-22 15:00
SO-503639,Delivered,2026-03-23 15:00
SO-503641,Placed,2026-03-22 15:00
SO-503641,Picked,2026-03-23 11:00
SO-503641,Shipped,2026-03-24 15:00
SO-503641,Delivered,2026-03-26 15:00
SO-503642,Placed,2026-03-22 22:00
SO-503642,Picked,2026-03-23 14:00
SO-503642,Shipped,2026-03-26 15:00
SO-503642,Delivered,2026-03-27 15:00
SO-503643,Placed,2026-03-22 19:00
SO-503643,Picked,2026-03-23 22:00
SO-503643,Shipped,2026-03-26 15:00
SO-503643,Delivered,2026-03-27 15:00
SO-503645,Placed,2026-03-22 12:00
SO-503645,Picked,2026-03-23 05:00
SO-503645,Shipped,2026-03-23 15:00
SO-503645,Delivered,2026-03-26 15:00
SO-503646,Placed,2026-03-22 10:00
SO-503646,Picked,2026-03-22 20:00
SO-503646,Shipped,2026-03-26 15:00
SO-503646,Delivered,2026-03-29 15:00
SO-503647,Placed,2026-03-22 08:00
SO-503647,Picked,2026-03-23 05:00
SO-503647,Shipped,2026-03-23 15:00
SO-503647,Delivered,2026-03-26 15:00
SO-503648,Placed,2026-03-22 14:00
SO-503648,Picked,2026-03-23 13:00
SO-503648,Shipped,2026-03-24 15:00
SO-503648,Delivered,2026-03-26 15:00
SO-503649,Placed,2026-03-22 08:00
SO-503649,Picked,2026-03-22 21:00
SO-503649,Shipped,2026-03-26 15:00
SO-503649,Delivered,2026-03-29 15:00
SO-503650,Placed,2026-03-22 18:00
SO-503650,Picked,2026-03-23 16:00
SO-503650,Shipped,2026-03-26 15:00
SO-503650,Delivered,2026-03-27 15:00
SO-503651,Placed,2026-03-23 16:00
SO-503651,Picked,2026-03-23 22:00
SO-503651,Shipped,2026-03-26 15:00
SO-503651,Delivered,2026-03-29 15:00
SO-503652,Placed,2026-03-23 21:00
SO-503652,Picked,2026-03-24 00:00
SO-503652,Shipped,2026-03-24 15:00
SO-503652,Delivered,2026-03-28 15:00
SO-503653,Placed,2026-03-23 14:00
SO-503653,Picked,2026-03-24 01:00
SO-503653,Shipped,2026-03-29 15:00
SO-503653,Delivered,2026-04-02 15:00
SO-503654,Placed,2026-03-23 09:00
SO-503654,Picked,2026-03-24 13:00
SO-503654,Shipped,2026-03-26 15:00
SO-503654,Delivered,2026-03-27 15:00
SO-503655,Placed,2026-03-23 22:00
SO-503655,Picked,2026-03-25 02:00
SO-503655,Shipped,2026-03-27 15:00
SO-503655,Delivered,2026-03-28 15:00
SO-503656,Placed,2026-03-23 15:00
SO-503656,Picked,2026-03-24 08:00
SO-503656,Shipped,2026-03-25 15:00
SO-503656,Delivered,2026-03-29 15:00
SO-503657,Placed,2026-03-24 21:00
SO-503657,Picked,2026-03-25 17:00
SO-503657,Shipped,2026-03-26 15:00
SO-503657,Delivered,2026-03-30 15:00
SO-503658,Placed,2026-03-24 11:00
SO-503658,Picked,2026-03-24 18:00
SO-503658,Shipped,2026-03-27 15:00
SO-503658,Delivered,2026-03-31 15:00
SO-503659,Placed,2026-03-24 08:00
SO-503659,Picked,2026-03-24 22:00
SO-503659,Shipped,2026-03-26 15:00
SO-503659,Delivered,2026-03-27 15:00
SO-503660,Placed,2026-03-24 14:00
SO-503660,Picked,2026-03-25 21:00
SO-503660,Shipped,2026-03-26 15:00
SO-503660,Delivered,2026-03-27 15:00
SO-503661,Placed,2026-03-24 12:00
SO-503661,Picked,2026-03-25 11:00
SO-503661,Shipped,2026-03-27 15:00
SO-503661,Delivered,2026-03-30 15:00
SO-503662,Placed,2026-03-25 12:00
SO-503662,Picked,2026-03-25 19:00
SO-503662,Shipped,2026-03-28 15:00
SO-503662,Delivered,2026-03-29 15:00
SO-503663,Placed,2026-03-25 13:00
SO-503663,Picked,2026-03-26 08:00
SO-503663,Shipped,2026-03-28 15:00
SO-503663,Delivered,2026-04-01 15:00
SO-503664,Placed,2026-03-25 08:00
SO-503664,Picked,2026-03-25 20:00
SO-503664,Shipped,2026-03-28 15:00
SO-503664,Delivered,2026-03-30 15:00
SO-503665,Placed,2026-03-25 18:00
SO-503665,Picked,2026-03-25 22:00
SO-503665,Shipped,2026-03-27 15:00
SO-503665,Delivered,2026-03-28 15:00
SO-503666,Placed,2026-03-25 18:00
SO-503666,Picked,2026-03-26 01:00
SO-503666,Shipped,2026-03-27 15:00
SO-503666,Delivered,2026-03-30 15:00
SO-503667,Placed,2026-03-25 10:00
SO-503667,Picked,2026-03-25 14:00
SO-503667,Shipped,2026-03-28 15:00
SO-503667,Delivered,2026-03-29 15:00
SO-503668,Placed,2026-03-25 21:00
SO-503668,Picked,2026-03-26 18:00
SO-503668,Shipped,2026-03-27 15:00
SO-503668,Delivered,2026-03-29 15:00
SO-503669,Placed,2026-03-26 08:00
SO-503669,Picked,2026-03-26 12:00
SO-503669,Shipped,2026-04-02 15:00
SO-503669,Delivered,2026-04-03 15:00
SO-503670,Placed,2026-03-26 16:00
SO-503670,Picked,2026-03-27 21:00
SO-503670,Shipped,2026-03-28 15:00
SO-503670,Delivered,2026-03-30 15:00
SO-503671,Placed,2026-03-26 08:00
SO-503671,Picked,2026-03-26 23:00
SO-503671,Shipped,2026-03-30 15:00
SO-503671,Delivered,2026-04-02 15:00
SO-503672,Placed,2026-03-26 15:00
SO-503672,Picked,2026-03-27 12:00
SO-503672,Shipped,2026-03-27 15:00
SO-503672,Delivered,2026-03-28 15:00
SO-503673,Placed,2026-03-26 13:00
SO-503673,Picked,2026-03-27 04:00
SO-503673,Shipped,2026-03-29 15:00
SO-503673,Delivered,2026-04-02 15:00
SO-503674,Placed,2026-03-26 18:00
SO-503674,Picked,2026-03-27 18:00
SO-503674,Shipped,2026-03-29 15:00
SO-503674,Delivered,2026-04-01 15:00
SO-503675,Placed,2026-03-26 12:00
SO-503675,Picked,2026-03-27 18:00
SO-503675,Shipped,2026-03-27 19:00
SO-503675,Delivered,2026-03-29 19:00
SO-503676,Placed,2026-03-26 14:00
SO-503676,Picked,2026-03-27 01:00
SO-503676,Shipped,2026-03-29 15:00
SO-503676,Delivered,2026-04-02 15:00
SO-503677,Placed,2026-03-27 17:00
SO-503677,Picked,2026-03-28 08:00
SO-503677,Shipped,2026-03-30 15:00
SO-503677,Delivered,2026-04-03 15:00
SO-503678,Placed,2026-03-27 12:00
SO-503678,Picked,2026-03-27 17:00
SO-503678,Shipped,2026-03-31 15:00
SO-503678,Delivered,2026-04-03 15:00
SO-503679,Placed,2026-03-27 18:00
SO-503679,Picked,2026-03-28 15:00
SO-503679,Shipped,2026-03-28 16:00
SO-503679,Delivered,2026-03-31 16:00
SO-503680,Placed,2026-03-27 10:00
SO-503680,Picked,2026-03-28 16:00
SO-503680,Shipped,2026-03-28 17:00
SO-503680,Delivered,2026-03-31 17:00
SO-503682,Placed,2026-03-27 11:00
SO-503682,Picked,2026-03-27 19:00
SO-503682,Shipped,2026-04-01 15:00
SO-503682,Delivered,2026-04-04 15:00
SO-503683,Placed,2026-03-27 17:00
SO-503683,Picked,2026-03-28 22:00
SO-503683,Shipped,2026-03-29 15:00
SO-503683,Delivered,2026-04-02 15:00
SO-503684,Placed,2026-03-27 17:00
SO-503684,Picked,2026-03-28 03:00
SO-503684,Shipped,2026-03-28 15:00
SO-503684,Delivered,2026-03-31 15:00
SO-503685,Placed,2026-03-28 08:00
SO-503685,Picked,2026-03-29 08:00
SO-503685,Shipped,2026-03-29 15:00
SO-503685,Delivered,2026-04-01 15:00
SO-503686,Placed,2026-03-28 14:00
SO-503686,Picked,2026-03-29 11:00
SO-503686,Shipped,2026-03-31 15:00
SO-503686,Delivered,2026-04-03 15:00
SO-503687,Placed,2026-03-28 12:00
SO-503687,Picked,2026-03-29 12:00
SO-503687,Shipped,2026-03-30 15:00
SO-503687,Delivered,2026-03-31 15:00
SO-503688,Placed,2026-03-28 09:00
SO-503688,Picked,2026-03-28 18:00
SO-503688,Shipped,2026-04-01 15:00
SO-503688,Delivered,2026-04-05 15:00
SO-503689,Placed,2026-03-28 22:00
SO-503689,Picked,2026-03-30 05:00
SO-503689,Shipped,2026-04-01 15:00
SO-503689,Delivered,2026-04-02 15:00
SO-503690,Placed,2026-03-28 18:00
SO-503690,Picked,2026-03-28 23:00
SO-503690,Shipped,2026-03-29 15:00
SO-503690,Delivered,2026-03-31 15:00
SO-503691,Placed,2026-03-28 15:00
SO-503691,Picked,2026-03-28 20:00
SO-503691,Shipped,2026-03-30 15:00
SO-503691,Delivered,2026-04-01 15:00
SO-503692,Placed,2026-03-28 15:00
SO-503692,Picked,2026-03-29 14:00
SO-503692,Shipped,2026-04-01 15:00
SO-503692,Delivered,2026-04-02 15:00
SO-503693,Placed,2026-03-29 18:00
SO-503693,Picked,2026-03-30 09:00
SO-503693,Shipped,2026-03-30 15:00
SO-503693,Delivered,2026-03-31 15:00
SO-503694,Placed,2026-03-29 20:00
SO-503694,Picked,2026-03-30 11:00
SO-503694,Shipped,2026-03-30 15:00
SO-503694,Delivered,2026-04-02 15:00
SO-503695,Placed,2026-03-29 15:00
SO-503695,Picked,2026-03-30 09:00
SO-503695,Shipped,2026-04-02 15:00
SO-503695,Delivered,2026-04-04 15:00
SO-503696,Placed,2026-03-29 15:00
SO-503696,Picked,2026-03-30 22:00
SO-503696,Shipped,2026-04-01 15:00
SO-503696,Delivered,2026-04-05 15:00
SO-503697,Placed,2026-03-29 19:00
SO-503697,Picked,2026-03-30 23:00
SO-503697,Shipped,2026-04-01 15:00
SO-503697,Delivered,2026-04-05 15:00
SO-503698,Placed,2026-03-29 19:00
SO-503698,Picked,2026-03-31 01:00
SO-503698,Shipped,2026-04-03 15:00
SO-503698,Delivered,2026-04-06 15:00
SO-503700,Placed,2026-03-30 20:00
SO-503700,Picked,2026-03-31 11:00
SO-503700,Shipped,2026-04-01 15:00
SO-503700,Delivered,2026-04-03 15:00
SO-503701,Placed,2026-03-30 16:00
SO-503701,Picked,2026-03-31 15:00
SO-503701,Shipped,2026-04-02 15:00
SO-503701,Delivered,2026-04-05 15:00
SO-503702,Placed,2026-03-30 15:00
SO-503702,Picked,2026-03-31 12:00
SO-503702,Shipped,2026-03-31 15:00
SO-503702,Delivered,2026-04-04 15:00
SO-503703,Placed,2026-03-30 22:00
SO-503703,Picked,2026-03-31 21:00
SO-503703,Shipped,2026-04-03 15:00
SO-503703,Delivered,2026-04-07 15:00
SO-503704,Placed,2026-03-30 13:00
SO-503704,Picked,2026-03-31 06:00
SO-503704,Shipped,2026-04-03 15:00
SO-503704,Delivered,2026-04-07 15:00
SO-503705,Placed,2026-03-30 18:00
SO-503705,Picked,2026-03-31 00:00
SO-503705,Shipped,2026-04-01 15:00
SO-503705,Delivered,2026-04-02 15:00
SO-503706,Placed,2026-03-31 08:00
SO-503706,Picked,2026-04-01 07:00
SO-503706,Shipped,2026-04-04 15:00
SO-503706,Delivered,2026-04-05 15:00
SO-503707,Placed,2026-03-31 14:00
SO-503707,Picked,2026-04-01 06:00
SO-503707,Shipped,2026-04-07 15:00
SO-503708,Placed,2026-03-31 14:00
SO-503708,Picked,2026-03-31 17:00
SO-503708,Shipped,2026-04-04 15:00
SO-503708,Delivered,2026-04-05 15:00
SO-503709,Placed,2026-03-31 18:00
SO-503709,Picked,2026-04-01 23:00
SO-503709,Shipped,2026-04-02 15:00
SO-503709,Delivered,2026-04-04 15:00
SO-503710,Placed,2026-03-31 17:00
SO-503710,Picked,2026-04-01 04:00
SO-503710,Shipped,2026-04-03 15:00
SO-503710,Delivered,2026-04-05 15:00
SO-503711,Placed,2026-03-31 13:00
SO-503711,Picked,2026-04-01 10:00
SO-503711,Shipped,2026-04-02 15:00
SO-503711,Delivered,2026-04-04 15:00
SO-503712,Placed,2026-03-31 22:00
SO-503712,Picked,2026-04-01 04:00
SO-503712,Shipped,2026-04-04 15:00
SO-503712,Delivered,2026-04-06 15:00
