SessionID,StartLocal,TimeZone,UtcOffset,Converted
WS70001,2026-04-10 19:09,Europe/Berlin,+02:00,0
WS70002,2026-04-08 20:42,America/New_York,-04:00,1
WS70003,2026-04-06 21:24,America/New_York,-04:00,0
WS70004,2026-04-06 21:02,Europe/Berlin,+02:00,0
WS70005,2026-04-07 23:54,America/New_York,-04:00,1
WS70006,2026-04-08 18:30,Europe/Berlin,+02:00,0
WS70007,2026-04-10 23:11,America/New_York,-04:00,0
WS70008,2026-04-08 11:32,America/Los_Angeles,-07:00,1
WS70009,2026-04-09 07:02,Europe/Berlin,+02:00,0
WS70010,2026-04-07 13:13,Europe/Berlin,+02:00,0
WS70011,2026-04-09 22:06,Europe/Berlin,+02:00,0
WS70012,2026-04-10 14:03,Europe/Berlin,+02:00,0
WS70013,2026-04-09 12:59,America/New_York,-04:00,0
WS70014,2026-04-06 18:37,Europe/Berlin,+02:00,1
WS70015,2026-04-10 03:00,America/Los_Angeles,-07:00,1
WS70016,2026-04-06 22:14,Europe/Berlin,+02:00,0
WS70017,2026-04-10 23:43,Europe/Berlin,+02:00,0
WS70018,2026-04-06 10:06,America/New_York,-04:00,0
WS70019,2026-04-07 16:28,America/Los_Angeles,-07:00,0
WS70020,2026-04-10 10:25,Europe/Berlin,+02:00,0
WS70021,2026-04-08 12:46,Europe/Berlin,+02:00,0
WS70022,2026-04-07 08:57,Europe/Berlin,+02:00,0
WS70023,2026-04-09 08:00,America/Los_Angeles,-07:00,0
WS70024,2026-04-08 08:03,America/Los_Angeles,-07:00,0
WS70025,2026-04-08 17:57,America/New_York,-04:00,0
WS70026,2026-04-09 01:06,Europe/Berlin,+02:00,0
WS70027,2026-04-08 21:38,America/Los_Angeles,-07:00,0
WS70028,2026-04-09 20:25,America/Los_Angeles,-07:00,0
WS70029,2026-04-09 17:39,Europe/Berlin,+02:00,1
WS70030,2026-04-08 14:54,America/Los_Angeles,-07:00,0
WS70031,2026-04-07 11:19,Europe/Berlin,+02:00,0
WS70032,2026-04-08 18:52,America/Los_Angeles,-07:00,0
WS70033,2026-04-07 18:10,America/Los_Angeles,-07:00,0
WS70034,2026-04-09 12:48,America/Los_Angeles,-07:00,0
WS70035,2026-04-08 08:52,America/New_York,-04:00,0
WS70036,2026-04-10 04:09,America/New_York,-04:00,0
WS70037,2026-04-08 22:56,America/New_York,-04:00,0
WS70038,2026-04-07 17:23,America/New_York,-04:00,0
WS70039,2026-04-07 04:28,America/Los_Angeles,-07:00,0
WS70040,2026-04-06 13:52,Europe/Berlin,+02:00,0
WS70041,2026-04-06 12:32,America/New_York,-04:00,0
WS70042,2026-04-07 02:23,America/New_York,-04:00,0
WS70043,2026-04-10 17:36,America/Los_Angeles,-07:00,0
WS70044,2026-04-06 08:43,Europe/Berlin,+02:00,1
WS70045,2026-04-06 23:41,Europe/Berlin,+02:00,0
WS70046,2026-04-06 22:47,Europe/Berlin,+02:00,0
WS70047,2026-04-09 17:11,Europe/Berlin,+02:00,0
WS70048,2026-04-07 04:13,Europe/Berlin,+02:00,0
WS70049,2026-04-07 10:08,Europe/Berlin,+02:00,0
WS70050,2026-04-09 08:52,America/Los_Angeles,-07:00,0
WS70051,2026-04-06 10:57,America/New_York,-04:00,0
WS70052,2026-04-06 17:31,America/Los_Angeles,-07:00,0
WS70053,2026-04-07 19:00,Europe/Berlin,+02:00,0
WS70054,2026-04-09 04:11,Europe/Berlin,+02:00,1
WS70055,2026-04-07 19:33,Europe/Berlin,+02:00,1
WS70056,2026-04-06 22:29,America/Los_Angeles,-07:00,0
WS70057,2026-04-06 06:21,Europe/Berlin,+02:00,1
WS70058,2026-04-08 08:00,America/New_York,-04:00,1
WS70059,2026-04-09 11:35,America/New_York,-04:00,0
WS70060,2026-04-10 00:30,Europe/Berlin,+02:00,0
WS70061,2026-04-10 13:01,America/Los_Angeles,-07:00,0
WS70062,2026-04-07 17:51,America/Los_Angeles,-07:00,0
WS70063,2026-04-10 06:43,Europe/Berlin,+02:00,1
WS70064,2026-04-07 11:48,America/New_York,-04:00,0
WS70065,2026-04-08 13:48,America/Los_Angeles,-07:00,0
WS70066,2026-04-09 03:10,America/Los_Angeles,-07:00,0
WS70067,2026-04-09 13:23,Europe/Berlin,+02:00,1
WS70068,2026-04-10 23:20,America/Los_Angeles,-07:00,0
WS70069,2026-04-10 20:59,America/Los_Angeles,-07:00,0
WS70070,2026-04-10 03:53,America/New_York,-04:00,0
WS70071,2026-04-08 10:21,America/Los_Angeles,-07:00,1
WS70072,2026-04-07 22:21,America/Los_Angeles,-07:00,0
WS70073,2026-04-07 11:43,America/Los_Angeles,-07:00,0
WS70074,2026-04-07 09:23,Europe/Berlin,+02:00,0
WS70075,2026-04-09 13:35,America/New_York,-04:00,0
WS70076,2026-04-06 10:47,America/New_York,-04:00,0
WS70077,2026-04-06 13:24,Europe/Berlin,+02:00,0
WS70078,2026-04-09 13:56,Europe/Berlin,+02:00,1
WS70079,2026-04-07 17:44,Europe/Berlin,+02:00,0
WS70080,2026-04-09 00:57,America/Los_Angeles,-07:00,0
WS70081,2026-04-06 04:02,Europe/Berlin,+02:00,0
WS70082,2026-04-06 02:04,Europe/Berlin,+02:00,0
WS70083,2026-04-10 16:09,America/New_York,-04:00,0
WS70084,2026-04-08 06:44,America/New_York,-04:00,0
WS70085,2026-04-09 05:23,Europe/Berlin,+02:00,0
WS70086,2026-04-10 04:59,America/Los_Angeles,-07:00,0
WS70087,2026-04-07 13:49,America/New_York,-04:00,0
WS70088,2026-04-09 23:41,Europe/Berlin,+02:00,0
WS70089,2026-04-07 20:53,America/Los_Angeles,-07:00,0
WS70090,2026-04-07 09:18,Europe/Berlin,+02:00,0
WS70091,2026-04-06 07:27,America/Los_Angeles,-07:00,0
WS70092,2026-04-08 23:19,America/Los_Angeles,-07:00,0
WS70093,2026-04-10 19:57,America/New_York,-04:00,0
WS70094,2026-04-10 09:10,America/New_York,-04:00,0
WS70095,2026-04-09 13:04,Europe/Berlin,+02:00,0
WS70096,2026-04-06 04:20,Europe/Berlin,+02:00,1
WS70097,2026-04-08 18:04,America/New_York,-04:00,1
WS70098,2026-04-07 19:30,Europe/Berlin,+02:00,0
WS70099,2026-04-10 06:16,America/New_York,-04:00,0
WS70100,2026-04-08 01:33,Europe/Berlin,+02:00,0
WS70101,2026-04-10 08:29,Europe/Berlin,+02:00,0
WS70102,2026-04-08 14:10,America/Los_Angeles,-07:00,0
WS70103,2026-04-10 22:58,Europe/Berlin,+02:00,0
WS70104,2026-04-06 13:19,America/New_York,-04:00,0
WS70105,2026-04-07 19:22,America/New_York,-04:00,0
WS70106,2026-04-09 02:47,America/New_York,-04:00,0
WS70107,2026-04-07 22:22,America/Los_Angeles,-07:00,0
WS70108,2026-04-06 10:11,America/Los_Angeles,-07:00,0
WS70109,2026-04-09 03:20,America/Los_Angeles,-07:00,0
WS70110,2026-04-07 12:57,Europe/Berlin,+02:00,0
WS70111,2026-04-07 00:08,Europe/Berlin,+02:00,0
WS70112,2026-04-06 10:45,Europe/Berlin,+02:00,0
WS70113,2026-04-07 14:31,America/Los_Angeles,-07:00,0
WS70114,2026-04-08 15:19,Europe/Berlin,+02:00,0
WS70115,2026-04-08 08:40,America/New_York,-04:00,0
WS70116,2026-04-09 01:28,America/Los_Angeles,-07:00,0
WS70117,2026-04-06 07:48,America/New_York,-04:00,0
WS70118,2026-04-06 19:53,America/New_York,-04:00,0
WS70119,2026-04-07 02:36,Europe/Berlin,+02:00,0
WS70120,2026-04-07 01:16,Europe/Berlin,+02:00,0
WS70121,2026-04-07 09:06,Europe/Berlin,+02:00,0
WS70122,2026-04-07 14:36,America/Los_Angeles,-07:00,0
WS70123,2026-04-08 16:42,America/New_York,-04:00,0
WS70124,2026-04-08 07:31,America/New_York,-04:00,0
WS70125,2026-04-10 09:59,America/New_York,-04:00,0
WS70126,2026-04-07 09:29,America/New_York,-04:00,0
WS70127,2026-04-08 19:26,America/New_York,-04:00,0
WS70128,2026-04-08 11:02,Europe/Berlin,+02:00,0
WS70129,2026-04-08 13:53,Europe/Berlin,+02:00,1
WS70130,2026-04-10 03:02,America/New_York,-04:00,1
WS70131,2026-04-07 02:54,Europe/Berlin,+02:00,0
WS70132,2026-04-08 15:14,America/New_York,-04:00,0
WS70133,2026-04-06 14:55,America/Los_Angeles,-07:00,0
WS70134,2026-04-09 07:19,America/New_York,-04:00,0
WS70135,2026-04-06 22:41,Europe/Berlin,+02:00,0
WS70136,2026-04-10 03:08,Europe/Berlin,+02:00,0
WS70137,2026-04-06 03:54,America/New_York,-04:00,0
WS70138,2026-04-10 13:31,America/Los_Angeles,-07:00,0
WS70139,2026-04-10 05:27,Europe/Berlin,+02:00,0
WS70140,2026-04-06 10:22,America/New_York,-04:00,0
WS70141,2026-04-09 02:44,America/New_York,-04:00,0
WS70142,2026-04-09 17:20,Europe/Berlin,+02:00,0
WS70143,2026-04-09 21:23,America/Los_Angeles,-07:00,0
WS70144,2026-04-08 21:46,Europe/Berlin,+02:00,0
WS70145,2026-04-06 02:24,Europe/Berlin,+02:00,1
WS70146,2026-04-06 02:25,America/New_York,-04:00,0
WS70147,2026-04-08 16:29,Europe/Berlin,+02:00,0
WS70148,2026-04-09 09:27,America/New_York,-04:00,0
WS70149,2026-04-09 08:33,America/Los_Angeles,-07:00,0
WS70150,2026-04-07 17:47,America/Los_Angeles,-07:00,0
WS70151,2026-04-09 14:16,Europe/Berlin,+02:00,0
WS70152,2026-04-06 03:15,America/Los_Angeles,-07:00,0
WS70153,2026-04-09 16:00,Europe/Berlin,+02:00,0
WS70154,2026-04-06 06:03,America/Los_Angeles,-07:00,0
WS70155,2026-04-08 13:16,America/New_York,-04:00,0
WS70156,2026-04-06 10:15,America/New_York,-04:00,1
WS70157,2026-04-07 22:33,America/Los_Angeles,-07:00,0
WS70158,2026-04-06 12:52,America/Los_Angeles,-07:00,0
WS70159,2026-04-06 14:06,Europe/Berlin,+02:00,0
WS70160,2026-04-06 20:30,America/New_York,-04:00,0
WS70161,2026-04-10 08:47,Europe/Berlin,+02:00,0
WS70162,2026-04-07 10:57,America/Los_Angeles,-07:00,0
WS70163,2026-04-08 13:27,America/Los_Angeles,-07:00,0
WS70164,2026-04-07 16:24,America/Los_Angeles,-07:00,0
WS70165,2026-04-08 04:30,America/Los_Angeles,-07:00,0
WS70166,2026-04-09 22:32,Europe/Berlin,+02:00,0
WS70167,2026-04-09 18:20,America/Los_Angeles,-07:00,1
WS70168,2026-04-08 00:32,America/New_York,-04:00,0
WS70169,2026-04-06 07:43,America/New_York,-04:00,0
WS70170,2026-04-09 20:25,Europe/Berlin,+02:00,0
WS70171,2026-04-06 04:46,Europe/Berlin,+02:00,0
WS70172,2026-04-06 03:11,Europe/Berlin,+02:00,0
WS70173,2026-04-06 21:28,America/New_York,-04:00,0
WS70174,2026-04-08 11:22,Europe/Berlin,+02:00,0
WS70175,2026-04-09 15:01,America/New_York,-04:00,0
WS70176,2026-04-06 13:17,America/Los_Angeles,-07:00,0
WS70177,2026-04-09 06:32,America/Los_Angeles,-07:00,0
WS70178,2026-04-07 09:15,Europe/Berlin,+02:00,1
WS70179,2026-04-07 08:20,America/New_York,-04:00,0
WS70180,2026-04-07 13:31,America/New_York,-04:00,0
WS70181,2026-04-08 15:14,America/New_York,-04:00,0
WS70182,2026-04-08 01:35,Europe/Berlin,+02:00,0
WS70183,2026-04-06 03:44,America/New_York,-04:00,0
WS70184,2026-04-07 06:16,America/Los_Angeles,-07:00,1
WS70185,2026-04-07 05:50,Europe/Berlin,+02:00,0
WS70186,2026-04-10 08:46,Europe/Berlin,+02:00,0
WS70187,2026-04-06 13:14,Europe/Berlin,+02:00,0
WS70188,2026-04-10 10:47,America/Los_Angeles,-07:00,1
WS70189,2026-04-06 05:39,America/New_York,-04:00,0
WS70190,2026-04-06 00:10,America/New_York,-04:00,0
WS70191,2026-04-09 04:06,Europe/Berlin,+02:00,0
WS70192,2026-04-07 23:57,America/New_York,-04:00,0
WS70193,2026-04-06 04:02,America/Los_Angeles,-07:00,0
WS70194,2026-04-10 04:35,Europe/Berlin,+02:00,1
WS70195,2026-04-10 20:06,America/New_York,-04:00,1
WS70196,2026-04-07 09:24,America/Los_Angeles,-07:00,0
WS70197,2026-04-08 08:37,America/Los_Angeles,-07:00,0
WS70198,2026-04-07 15:27,Europe/Berlin,+02:00,1
WS70199,2026-04-06 05:48,America/Los_Angeles,-07:00,0
WS70200,2026-04-07 00:54,America/Los_Angeles,-07:00,0
WS70201,2026-04-06 02:52,America/New_York,-04:00,0
WS70202,2026-04-09 10:45,America/New_York,-04:00,1
WS70203,2026-04-06 02:20,America/New_York,-04:00,1
WS70204,2026-04-06 09:01,Europe/Berlin,+02:00,0
WS70205,2026-04-07 18:56,America/New_York,-04:00,0
WS70206,2026-04-09 23:37,Europe/Berlin,+02:00,0
WS70207,2026-04-09 11:44,America/Los_Angeles,-07:00,0
WS70208,2026-04-08 19:02,Europe/Berlin,+02:00,1
WS70209,2026-04-06 14:08,Europe/Berlin,+02:00,0
WS70210,2026-04-07 05:55,America/Los_Angeles,-07:00,0
WS70211,2026-04-07 12:55,America/New_York,-04:00,0
WS70212,2026-04-10 15:14,Europe/Berlin,+02:00,0
WS70213,2026-04-09 15:16,America/New_York,-04:00,0
WS70214,2026-04-08 08:35,Europe/Berlin,+02:00,0
WS70215,2026-04-08 09:12,America/Los_Angeles,-07:00,0
WS70216,2026-04-07 20:15,Europe/Berlin,+02:00,0
WS70217,2026-04-10 04:40,America/Los_Angeles,-07:00,0
WS70218,2026-04-07 06:19,Europe/Berlin,+02:00,0
WS70219,2026-04-07 01:14,America/New_York,-04:00,0
WS70220,2026-04-07 12:45,America/New_York,-04:00,0
WS70221,2026-04-06 12:11,America/New_York,-04:00,0
WS70222,2026-04-09 04:50,Europe/Berlin,+02:00,0
WS70223,2026-04-10 15:40,Europe/Berlin,+02:00,0
WS70224,2026-04-07 06:33,America/New_York,-04:00,0
WS70225,2026-04-09 08:42,America/New_York,-04:00,0
WS70226,2026-04-10 05:39,Europe/Berlin,+02:00,0
WS70227,2026-04-10 14:21,America/New_York,-04:00,0
WS70228,2026-04-07 06:13,Europe/Berlin,+02:00,0
WS70229,2026-04-09 15:58,Europe/Berlin,+02:00,0
WS70230,2026-04-09 12:06,America/Los_Angeles,-07:00,0
WS70231,2026-04-07 23:40,Europe/Berlin,+02:00,0
WS70232,2026-04-09 05:35,Europe/Berlin,+02:00,0
WS70233,2026-04-06 19:41,America/New_York,-04:00,0
WS70234,2026-04-07 08:34,Europe/Berlin,+02:00,0
WS70235,2026-04-08 12:59,America/Los_Angeles,-07:00,1
WS70236,2026-04-07 21:07,America/Los_Angeles,-07:00,0
WS70237,2026-04-09 14:43,America/New_York,-04:00,0
WS70238,2026-04-08 12:08,Europe/Berlin,+02:00,0
WS70239,2026-04-09 22:10,Europe/Berlin,+02:00,0
WS70240,2026-04-07 03:35,America/Los_Angeles,-07:00,0
